Original: /Next%20Gen%20Online%20Medicine%20Delivery%20System/api/auth/login
Path: /auth/login
Method: GET
Original: /Next%20Gen%20Online%20Medicine%20Delivery%20System/api/auth/login
Path: /auth/login
Method: POST
Original: /Next%20Gen%20Online%20Medicine%20Delivery%20System/api/auth/login
Path: /auth/login
Method: POST
Original: /Next%20Gen%20Online%20Medicine%20Delivery%20System/api/auth/login
Path: /auth/login
Method: POST
Original: /Next%20Gen%20Online%20Medicine%20Delivery%20System/api/auth/login
Path: /auth/login
Method: POST
Original: /Next%20Gen%20Online%20Medicine%20Delivery%20System/api/auth/login
Path: /auth/login
Method: POST
Original: /Next%20Gen%20Online%20Medicine%20Delivery%20System/api/auth/login
Path: /auth/login
Method: POST
Original: /Next%20Gen%20Online%20Medicine%20Delivery%20System/api/user/dashboard
Path: /user/dashboard
Method: GET
Original: /Next%20Gen%20Online%20Medicine%20Delivery%20System/api/user/dashboard
Path: /user/dashboard
Method: GET
Original: /Next%20Gen%20Online%20Medicine%20Delivery%20System/api/auth/login
Path: /auth/login
Method: POST
Original: /Next%20Gen%20Online%20Medicine%20Delivery%20System/api/user/dashboard
Path: /user/dashboard
Method: GET
Original: /Next%20Gen%20Online%20Medicine%20Delivery%20System/api/user/recommendations
Path: /user/recommendations
Method: GET
Original: /Next%20Gen%20Online%20Medicine%20Delivery%20System/api/user/recommendations
Path: /user/recommendations
Method: GET
Original: /Next%20Gen%20Online%20Medicine%20Delivery%20System/api/auth/login
Path: /auth/login
Method: POST
Original: /Next%20Gen%20Online%20Medicine%20Delivery%20System/api/user/dashboard
Path: /user/dashboard
Method: GET
Original: /Next%20Gen%20Online%20Medicine%20Delivery%20System/api/auth/login
Path: /auth/login
Method: POST
Original: /Next%20Gen%20Online%20Medicine%20Delivery%20System/api/user/dashboard
Path: /user/dashboard
Method: GET
Original: /Next%20Gen%20Online%20Medicine%20Delivery%20System/api/auth/login
Path: /auth/login
Method: POST
Original: /Next%20Gen%20Online%20Medicine%20Delivery%20System/api/user/dashboard
Path: /user/dashboard
Method: GET
Original: /Next%20Gen%20Online%20Medicine%20Delivery%20System/api/auth/login
Path: /auth/login
Method: POST
Original: /Next%20Gen%20Online%20Medicine%20Delivery%20System/api/user/dashboard
Path: /user/dashboard
Method: GET
Original: /Next%20Gen%20Online%20Medicine%20Delivery%20System/api/auth/login
Path: /auth/login
Method: POST
Original: /Next%20Gen%20Online%20Medicine%20Delivery%20System/api/user/dashboard
Path: /user/dashboard
Method: GET
Original: /Next%20Gen%20Online%20Medicine%20Delivery%20System/api/auth/login
Path: /auth/login
Method: POST
Original: /Next%20Gen%20Online%20Medicine%20Delivery%20System/api/orders
Path: /orders
Method: GET
Original: /Next%20Gen%20Online%20Medicine%20Delivery%20System/api/user/dashboard
Path: /user/dashboard
Method: GET
Original: /Next%20Gen%20Online%20Medicine%20Delivery%20System/api/user/wallet
Path: /user/wallet
Method: GET
Original: /Next%20Gen%20Online%20Medicine%20Delivery%20System/api/user/dashboard
Path: /user/dashboard
Method: GET
Original: /Next%20Gen%20Online%20Medicine%20Delivery%20System/api/user/wallet
Path: /user/wallet
Method: GET
Original: /Next%20Gen%20Online%20Medicine%20Delivery%20System/api/user/dashboard
Path: /user/dashboard
Method: GET
Original: /Next%20Gen%20Online%20Medicine%20Delivery%20System/api/user/wallet
Path: /user/wallet
Method: GET
Original: /Next%20Gen%20Online%20Medicine%20Delivery%20System/api/orders/1/tracking
Path: /orders/1/tracking
Method: GET
Original: /Next%20Gen%20Online%20Medicine%20Delivery%20System/api/auth/login
Path: /auth/login
Method: POST
Original: /Next%20Gen%20Online%20Medicine%20Delivery%20System/api/user/recommendations
Path: /user/recommendations
Method: GET
Original: /Next%20Gen%20Online%20Medicine%20Delivery%20System/api/user/dashboard
Path: /user/dashboard
Method: GET
Original: /Next%20Gen%20Online%20Medicine%20Delivery%20System/api/user/wallet
Path: /user/wallet
Method: GET
Original: /Next%20Gen%20Online%20Medicine%20Delivery%20System/api/user/recommendations
Path: /user/recommendations
Method: GET
Original: /Next%20Gen%20Online%20Medicine%20Delivery%20System/api/prescriptions
Path: /prescriptions
Method: GET
Original: /Next%20Gen%20Online%20Medicine%20Delivery%20System/api/cart
Path: /cart
Method: GET
Original: /Next%20Gen%20Online%20Medicine%20Delivery%20System/api/cart
Path: /cart
Method: GET
Original: /Next%20Gen%20Online%20Medicine%20Delivery%20System/api/orders
Path: /orders
Method: GET
Original: /Next%20Gen%20Online%20Medicine%20Delivery%20System/api/user/returns
Path: /user/returns
Method: GET
Original: /Next%20Gen%20Online%20Medicine%20Delivery%20System/api/user/dashboard
Path: /user/dashboard
Method: GET
Original: /Next%20Gen%20Online%20Medicine%20Delivery%20System/api/user/wallet
Path: /user/wallet
Method: GET
Original: /Next%20Gen%20Online%20Medicine%20Delivery%20System/api/user/returns
Path: /user/returns
Method: GET
Original: /Next%20Gen%20Online%20Medicine%20Delivery%20System/api/auth/login
Path: /auth/login
Method: POST
Original: /Next%20Gen%20Online%20Medicine%20Delivery%20System/api/user/returns
Path: /user/returns
Method: GET
Original: /Next%20Gen%20Online%20Medicine%20Delivery%20System/api/auth/login
Path: /auth/login
Method: POST
Original: /Next%20Gen%20Online%20Medicine%20Delivery%20System/api/user/returns
Path: /user/returns
Method: GET
Original: /Next%20Gen%20Online%20Medicine%20Delivery%20System/api/user/addresses
Path: /user/addresses
Method: GET
Original: /Next%20Gen%20Online%20Medicine%20Delivery%20System/api/user/wallet
Path: /user/wallet
Method: GET
Original: /Next%20Gen%20Online%20Medicine%20Delivery%20System/api/admin/tickets
Path: /admin/tickets
Method: GET
Original: /Next%20Gen%20Online%20Medicine%20Delivery%20System/api/cart
Path: /cart
Method: GET
Original: /Next%20Gen%20Online%20Medicine%20Delivery%20System/api/user/dashboard
Path: /user/dashboard
Method: GET
Original: /Next%20Gen%20Online%20Medicine%20Delivery%20System/api/user/wallet
Path: /user/wallet
Method: GET
Original: /Next%20Gen%20Online%20Medicine%20Delivery%20System/api/user/returns
Path: /user/returns
Method: GET
Original: /Next%20Gen%20Online%20Medicine%20Delivery%20System/api/orders
Path: /orders
Method: GET
Original: /Next%20Gen%20Online%20Medicine%20Delivery%20System/api/user/returns
Path: /user/returns
Method: GET
Original: /Next%20Gen%20Online%20Medicine%20Delivery%20System/api/orders
Path: /orders
Method: GET
Original: /Next%20Gen%20Online%20Medicine%20Delivery%20System/api/admin/tickets
Path: /admin/tickets
Method: GET
Original: /Next%20Gen%20Online%20Medicine%20Delivery%20System/api/notifications
Path: /notifications
Method: GET
Original: /Next%20Gen%20Online%20Medicine%20Delivery%20System/api/user/dashboard
Path: /user/dashboard
Method: GET
Original: /Next%20Gen%20Online%20Medicine%20Delivery%20System/api/user/wallet
Path: /user/wallet
Method: GET
Original: /Next%20Gen%20Online%20Medicine%20Delivery%20System/api/user/addresses
Path: /user/addresses
Method: GET
Original: /Next%20Gen%20Online%20Medicine%20Delivery%20System/api/user/wallet
Path: /user/wallet
Method: GET
Original: /Next%20Gen%20Online%20Medicine%20Delivery%20System/api/user/wallet
Path: /user/wallet
Method: GET
Original: /Next%20Gen%20Online%20Medicine%20Delivery%20System/api/user/addresses
Path: /user/addresses
Method: GET
Original: /Next%20Gen%20Online%20Medicine%20Delivery%20System/api/admin/tickets
Path: /admin/tickets
Method: GET
Original: /Next%20Gen%20Online%20Medicine%20Delivery%20System/api/notifications
Path: /notifications
Method: GET
Original: /Next%20Gen%20Online%20Medicine%20Delivery%20System/api/notifications
Path: /notifications
Method: GET
Original: /Next%20Gen%20Online%20Medicine%20Delivery%20System/api/user/returns
Path: /user/returns
Method: GET
Original: /Next%20Gen%20Online%20Medicine%20Delivery%20System/api/user/dashboard
Path: /user/dashboard
Method: GET
Original: /Next%20Gen%20Online%20Medicine%20Delivery%20System/api/user/wallet
Path: /user/wallet
Method: GET
Original: /Next%20Gen%20Online%20Medicine%20Delivery%20System/api/orders/1/tracking
Path: /orders/1/tracking
Method: GET
Original: /Next%20Gen%20Online%20Medicine%20Delivery%20System/api/cart
Path: /cart
Method: GET
Original: /Next%20Gen%20Online%20Medicine%20Delivery%20System/api/medicines/search?q=
Path: /medicines/search
Method: GET
Original: /Next%20Gen%20Online%20Medicine%20Delivery%20System/api/auth/login
Path: /auth/login
Method: POST
Original: /Next%20Gen%20Online%20Medicine%20Delivery%20System/api/medicines/search
Path: /medicines/search
Method: GET
Original: /Next%20Gen%20Online%20Medicine%20Delivery%20System/api/user/dashboard
Path: /user/dashboard
Method: GET
Original: /Next%20Gen%20Online%20Medicine%20Delivery%20System/api/user/wallet
Path: /user/wallet
Method: GET
Original: /Next%20Gen%20Online%20Medicine%20Delivery%20System/api/orders
Path: /orders
Method: GET
Original: /Next%20Gen%20Online%20Medicine%20Delivery%20System/api/orders
Path: /orders
Method: GET
Original: /Next%20Gen%20Online%20Medicine%20Delivery%20System/api/user/addresses
Path: /user/addresses
Method: GET
Original: /Next%20Gen%20Online%20Medicine%20Delivery%20System/api/user/wallet
Path: /user/wallet
Method: GET
Original: /Next%20Gen%20Online%20Medicine%20Delivery%20System/api/wallet/recharge
Path: /wallet/recharge
Method: POST
Original: /Next%20Gen%20Online%20Medicine%20Delivery%20System/api/user/addresses
Path: /user/addresses
Method: GET
Original: /Next%20Gen%20Online%20Medicine%20Delivery%20System/api/user/wallet
Path: /user/wallet
Method: GET
Original: /Next%20Gen%20Online%20Medicine%20Delivery%20System/api/auth/login
Path: /auth/login
Method: POST
Original: /Next%20Gen%20Online%20Medicine%20Delivery%20System/api/medicines/search
Path: /medicines/search
Method: GET
Original: /Next%20Gen%20Online%20Medicine%20Delivery%20System/api/user/wallet
Path: /user/wallet
Method: GET
Original: /Next%20Gen%20Online%20Medicine%20Delivery%20System/api/user/addresses
Path: /user/addresses
Method: GET
Original: /Next%20Gen%20Online%20Medicine%20Delivery%20System/api/medicines/search?q=
Path: /medicines/search
Method: GET
Original: /Next%20Gen%20Online%20Medicine%20Delivery%20System/api/user/wishlist/toggle
Path: /user/wishlist/toggle
Method: POST
Original: /Next%20Gen%20Online%20Medicine%20Delivery%20System/api/medicines/search?q=
Path: /medicines/search
Method: GET
Original: /Next%20Gen%20Online%20Medicine%20Delivery%20System/api/user/wishlist/toggle
Path: /user/wishlist/toggle
Method: POST
Original: /Next%20Gen%20Online%20Medicine%20Delivery%20System/api/medicines/search?q=
Path: /medicines/search
Method: GET
Original: /Next%20Gen%20Online%20Medicine%20Delivery%20System/api/user/wishlist
Path: /user/wishlist
Method: GET
Original: /Next%20Gen%20Online%20Medicine%20Delivery%20System/api/user/recommendations
Path: /user/recommendations
Method: GET
Original: /Next%20Gen%20Online%20Medicine%20Delivery%20System/api/prescriptions
Path: /prescriptions
Method: GET
Original: /Next%20Gen%20Online%20Medicine%20Delivery%20System/api/orders
Path: /orders
Method: GET
Original: /Next%20Gen%20Online%20Medicine%20Delivery%20System/api/medicines/search?q=
Path: /medicines/search
Method: GET
Original: /Next%20Gen%20Online%20Medicine%20Delivery%20System/api/auth/login
Path: /auth/login
Method: POST
Original: /Next%20Gen%20Online%20Medicine%20Delivery%20System/api/medicines/search
Path: /medicines/search
Method: GET
Original: /Next%20Gen%20Online%20Medicine%20Delivery%20System/api/medicines/search?q=
Path: /medicines/search
Method: GET
Original: /Next%20Gen%20Online%20Medicine%20Delivery%20System/api/medicines/search?q=
Path: /medicines/search
Method: GET
Original: /Next%20Gen%20Online%20Medicine%20Delivery%20System/api/medicines/search?q=
Path: /medicines/search
Method: GET
Original: /Next%20Gen%20Online%20Medicine%20Delivery%20System/api/medicines/search?q=
Path: /medicines/search
Method: GET
Original: /Next%20Gen%20Online%20Medicine%20Delivery%20System/api/medicines/search?q=
Path: /medicines/search
Method: GET
Original: /Next%20Gen%20Online%20Medicine%20Delivery%20System/api/user/dashboard
Path: /user/dashboard
Method: GET
Original: /Next%20Gen%20Online%20Medicine%20Delivery%20System/api/user/wallet
Path: /user/wallet
Method: GET
Original: /Next%20Gen%20Online%20Medicine%20Delivery%20System/api/user/recommendations
Path: /user/recommendations
Method: GET
Original: /Next%20Gen%20Online%20Medicine%20Delivery%20System/api/prescriptions
Path: /prescriptions
Method: GET
Original: /Next%20Gen%20Online%20Medicine%20Delivery%20System/api/prescriptions/upload
Path: /prescriptions/upload
Method: POST
Original: /Next%20Gen%20Online%20Medicine%20Delivery%20System/api/user/returns
Path: /user/returns
Method: GET
Original: /Next%20Gen%20Online%20Medicine%20Delivery%20System/api/user/dashboard
Path: /user/dashboard
Method: GET
Original: /Next%20Gen%20Online%20Medicine%20Delivery%20System/api/user/wallet
Path: /user/wallet
Method: GET
Original: /Next%20Gen%20Online%20Medicine%20Delivery%20System/api/medicines/search?q=
Path: /medicines/search
Method: GET
Original: /Next%20Gen%20Online%20Medicine%20Delivery%20System/api/cart/add
Path: /cart/add
Method: POST
Original: /Next%20Gen%20Online%20Medicine%20Delivery%20System/api/cart/add
Path: /cart/add
Method: POST
Original: /Next%20Gen%20Online%20Medicine%20Delivery%20System/api/cart/add
Path: /cart/add
Method: POST
Original: /Next%20Gen%20Online%20Medicine%20Delivery%20System/api/cart
Path: /cart
Method: GET
Original: /Next%20Gen%20Online%20Medicine%20Delivery%20System/api/cart
Path: /cart
Method: GET
Original: /Next%20Gen%20Online%20Medicine%20Delivery%20System/api/medicines/search?q=
Path: /medicines/search
Method: GET
Original: /Next%20Gen%20Online%20Medicine%20Delivery%20System/api/cart/add
Path: /cart/add
Method: POST
Original: /Next%20Gen%20Online%20Medicine%20Delivery%20System/api/cart/add
Path: /cart/add
Method: POST
Original: /Next%20Gen%20Online%20Medicine%20Delivery%20System/api/medicines/33
Path: /medicines/33
Method: GET
Original: /Next%20Gen%20Online%20Medicine%20Delivery%20System/api/medicines/33/reviews
Path: /medicines/33/reviews
Method: GET
Original: /Next%20Gen%20Online%20Medicine%20Delivery%20System/api/medicines/33/substitutes
Path: /medicines/33/substitutes
Method: GET
Original: /Next%20Gen%20Online%20Medicine%20Delivery%20System/api/cart
Path: /cart
Method: GET
Original: /Next%20Gen%20Online%20Medicine%20Delivery%20System/api/cart
Path: /cart
Method: GET
Original: /Next%20Gen%20Online%20Medicine%20Delivery%20System/api/medicines/search?q=
Path: /medicines/search
Method: GET
Original: /Next%20Gen%20Online%20Medicine%20Delivery%20System/api/cart/add
Path: /cart/add
Method: POST
Original: /Next%20Gen%20Online%20Medicine%20Delivery%20System/api/medicines/2/reviews
Path: /medicines/2/reviews
Method: GET
Original: /Next%20Gen%20Online%20Medicine%20Delivery%20System/api/medicines/2
Path: /medicines/2
Method: GET
Original: /Next%20Gen%20Online%20Medicine%20Delivery%20System/api/medicines/2/substitutes
Path: /medicines/2/substitutes
Method: GET
Original: /Next%20Gen%20Online%20Medicine%20Delivery%20System/api/user/dashboard
Path: /user/dashboard
Method: GET
Original: /Next%20Gen%20Online%20Medicine%20Delivery%20System/api/medicines/search?q=
Path: /medicines/search
Method: GET
Original: /Next%20Gen%20Online%20Medicine%20Delivery%20System/api/cart/add
Path: /cart/add
Method: POST
Original: /Next%20Gen%20Online%20Medicine%20Delivery%20System/api/cart
Path: /cart
Method: GET
Original: /Next%20Gen%20Online%20Medicine%20Delivery%20System/api/medicines/search?q=
Path: /medicines/search
Method: GET
Original: /Next%20Gen%20Online%20Medicine%20Delivery%20System/api/cart/add
Path: /cart/add
Method: POST
Original: /Next%20Gen%20Online%20Medicine%20Delivery%20System/api/orders
Path: /orders
Method: GET
Original: /Next%20Gen%20Online%20Medicine%20Delivery%20System/api/cart
Path: /cart
Method: GET
Original: /Next%20Gen%20Online%20Medicine%20Delivery%20System/api/medicines/search?q=
Path: /medicines/search
Method: GET
Original: /Next%20Gen%20Online%20Medicine%20Delivery%20System/api/cart
Path: /cart
Method: GET
Original: /Next%20Gen%20Online%20Medicine%20Delivery%20System/api/cart/3
Path: /cart/3
Method: PUT
Original: /Next%20Gen%20Online%20Medicine%20Delivery%20System/api/cart
Path: /cart
Method: GET
Original: /Next%20Gen%20Online%20Medicine%20Delivery%20System/api/cart/4
Path: /cart/4
Method: PUT
Original: /Next%20Gen%20Online%20Medicine%20Delivery%20System/api/cart/4
Path: /cart/4
Method: PUT
Original: /Next%20Gen%20Online%20Medicine%20Delivery%20System/api/cart
Path: /cart
Method: GET
Original: /Next%20Gen%20Online%20Medicine%20Delivery%20System/api/cart/2
Path: /cart/2
Method: PUT
Original: /Next%20Gen%20Online%20Medicine%20Delivery%20System/api/cart/2
Path: /cart/2
Method: PUT
Original: /Next%20Gen%20Online%20Medicine%20Delivery%20System/api/cart
Path: /cart
Method: GET
Original: /Next%20Gen%20Online%20Medicine%20Delivery%20System/api/medicines/search?q=
Path: /medicines/search
Method: GET
Original: /Next%20Gen%20Online%20Medicine%20Delivery%20System/api/auth/login
Path: /auth/login
Method: POST
Original: /Next%20Gen%20Online%20Medicine%20Delivery%20System/api/auth/login
Path: /auth/login
Method: POST
Original: /Next%20Gen%20Online%20Medicine%20Delivery%20System/api/auth/login
Path: /auth/login
Method: POST
Original: /Next%20Gen%20Online%20Medicine%20Delivery%20System/api/auth/login
Path: /auth/login
Method: POST
Original: /Next%20Gen%20Online%20Medicine%20Delivery%20System/api/user/dashboard
Path: /user/dashboard
Method: GET
Original: /Next%20Gen%20Online%20Medicine%20Delivery%20System/api/user/wallet
Path: /user/wallet
Method: GET
Original: /Next%20Gen%20Online%20Medicine%20Delivery%20System/api/medicines/search?q=
Path: /medicines/search
Method: GET
Original: /Next%20Gen%20Online%20Medicine%20Delivery%20System/api/cart
Path: /cart
Method: GET
Original: /Next%20Gen%20Online%20Medicine%20Delivery%20System/api/medicines/search?q=
Path: /medicines/search
Method: GET
Original: /Next%20Gen%20Online%20Medicine%20Delivery%20System/api/medicines/search?q=
Path: /medicines/search
Method: GET
Original: /Next%20Gen%20Online%20Medicine%20Delivery%20System/api/medicines/search?q=
Path: /medicines/search
Method: GET
Original: /Next%20Gen%20Online%20Medicine%20Delivery%20System/api/orders
Path: /orders
Method: GET
Original: /Next%20Gen%20Online%20Medicine%20Delivery%20System/api/user/dashboard
Path: /user/dashboard
Method: GET
Original: /Next%20Gen%20Online%20Medicine%20Delivery%20System/api/user/wallet
Path: /user/wallet
Method: GET
Original: /Next%20Gen%20Online%20Medicine%20Delivery%20System/api/medicines/search?q=
Path: /medicines/search
Method: GET
Original: /Next%20Gen%20Online%20Medicine%20Delivery%20System/api/cart
Path: /cart
Method: GET
Original: /Next%20Gen%20Online%20Medicine%20Delivery%20System/api/cart
Path: /cart
Method: GET
Original: /Next%20Gen%20Online%20Medicine%20Delivery%20System/api/user/dashboard
Path: /user/dashboard
Method: GET
Original: /Next%20Gen%20Online%20Medicine%20Delivery%20System/api/user/wallet
Path: /user/wallet
Method: GET
Original: /Next%20Gen%20Online%20Medicine%20Delivery%20System/api/medicines/search?q=
Path: /medicines/search
Method: GET
Original: /Next%20Gen%20Online%20Medicine%20Delivery%20System/api/medicines/search?q=
Path: /medicines/search
Method: GET
Original: /Next%20Gen%20Online%20Medicine%20Delivery%20System/api/medicines/search?q=asp
Path: /medicines/search
Method: GET
Original: /Next%20Gen%20Online%20Medicine%20Delivery%20System/api/medicines/search?q=
Path: /medicines/search
Method: GET
Original: /Next%20Gen%20Online%20Medicine%20Delivery%20System/api/user/wishlist/toggle
Path: /user/wishlist/toggle
Method: POST
Original: /Next%20Gen%20Online%20Medicine%20Delivery%20System/api/medicines/search?q=
Path: /medicines/search
Method: GET
Original: /Next%20Gen%20Online%20Medicine%20Delivery%20System/api/user/wishlist/toggle
Path: /user/wishlist/toggle
Method: POST
Original: /Next%20Gen%20Online%20Medicine%20Delivery%20System/api/medicines/search?q=
Path: /medicines/search
Method: GET
Original: /Next%20Gen%20Online%20Medicine%20Delivery%20System/api/user/wishlist/toggle
Path: /user/wishlist/toggle
Method: POST
Original: /Next%20Gen%20Online%20Medicine%20Delivery%20System/api/medicines/search?q=
Path: /medicines/search
Method: GET
Original: /Next%20Gen%20Online%20Medicine%20Delivery%20System/api/user/wishlist
Path: /user/wishlist
Method: GET
Original: /Next%20Gen%20Online%20Medicine%20Delivery%20System/api/medicines/search?q=
Path: /medicines/search
Method: GET
Original: /Next%20Gen%20Online%20Medicine%20Delivery%20System/api/user/wishlist/toggle
Path: /user/wishlist/toggle
Method: POST
Original: /Next%20Gen%20Online%20Medicine%20Delivery%20System/api/medicines/search?q=
Path: /medicines/search
Method: GET
Original: /Next%20Gen%20Online%20Medicine%20Delivery%20System/api/user/wishlist
Path: /user/wishlist
Method: GET
Original: /Next%20Gen%20Online%20Medicine%20Delivery%20System/api/medicines/search?q=
Path: /medicines/search
Method: GET
Original: /Next%20Gen%20Online%20Medicine%20Delivery%20System/api/user/wishlist/toggle
Path: /user/wishlist/toggle
Method: POST
Original: /Next%20Gen%20Online%20Medicine%20Delivery%20System/api/medicines/search?q=
Path: /medicines/search
Method: GET
Original: /Next%20Gen%20Online%20Medicine%20Delivery%20System/api/user/wishlist
Path: /user/wishlist
Method: GET
Original: /Next%20Gen%20Online%20Medicine%20Delivery%20System/api/orders
Path: /orders
Method: GET
Original: /Next%20Gen%20Online%20Medicine%20Delivery%20System/api/user/returns
Path: /user/returns
Method: GET
Original: /Next%20Gen%20Online%20Medicine%20Delivery%20System/api/orders
Path: /orders
Method: GET
Original: /Next%20Gen%20Online%20Medicine%20Delivery%20System/api/user/returns
Path: /user/returns
Method: GET
Original: /Next%20Gen%20Online%20Medicine%20Delivery%20System/api/cart
Path: /cart
Method: GET
Original: /Next%20Gen%20Online%20Medicine%20Delivery%20System/api/prescriptions
Path: /prescriptions
Method: GET
Original: /Next%20Gen%20Online%20Medicine%20Delivery%20System/api/user/wishlist
Path: /user/wishlist
Method: GET
Original: /Next%20Gen%20Online%20Medicine%20Delivery%20System/api/user/wishlist
Path: /user/wishlist
Method: GET
Original: /Next%20Gen%20Online%20Medicine%20Delivery%20System/api/user/returns
Path: /user/returns
Method: GET
Original: /Next%20Gen%20Online%20Medicine%20Delivery%20System/api/cart
Path: /cart
Method: GET
Original: /Next%20Gen%20Online%20Medicine%20Delivery%20System/api/prescriptions
Path: /prescriptions
Method: GET
Original: /Next%20Gen%20Online%20Medicine%20Delivery%20System/api/user/recommendations
Path: /user/recommendations
Method: GET
Original: /Next%20Gen%20Online%20Medicine%20Delivery%20System/api/user/dashboard
Path: /user/dashboard
Method: GET
Original: /Next%20Gen%20Online%20Medicine%20Delivery%20System/api/user/wallet
Path: /user/wallet
Method: GET
Original: /Next%20Gen%20Online%20Medicine%20Delivery%20System/api/medicines/search?q=
Path: /medicines/search
Method: GET
Original: /Next%20Gen%20Online%20Medicine%20Delivery%20System/api/user/recommendations
Path: /user/recommendations
Method: GET
Original: /Next%20Gen%20Online%20Medicine%20Delivery%20System/api/prescriptions
Path: /prescriptions
Method: GET
Original: /Next%20Gen%20Online%20Medicine%20Delivery%20System/api/cart
Path: /cart
Method: GET
Original: /Next%20Gen%20Online%20Medicine%20Delivery%20System/api/user/dashboard
Path: /user/dashboard
Method: GET
Original: /Next%20Gen%20Online%20Medicine%20Delivery%20System/api/medicines/search?q=
Path: /medicines/search
Method: GET
Original: /Next%20Gen%20Online%20Medicine%20Delivery%20System/api/user/dashboard
Path: /user/dashboard
Method: GET
Original: /Next%20Gen%20Online%20Medicine%20Delivery%20System/api/medicines/search?q=
Path: /medicines/search
Method: GET
Original: /Next%20Gen%20Online%20Medicine%20Delivery%20System/api/user/dashboard
Path: /user/dashboard
Method: GET
Original: /Next%20Gen%20Online%20Medicine%20Delivery%20System/api/medicines/search?q=
Path: /medicines/search
Method: GET
Original: /Next%20Gen%20Online%20Medicine%20Delivery%20System/api/user/recommendations
Path: /user/recommendations
Method: GET
Original: /Next%20Gen%20Online%20Medicine%20Delivery%20System/api/user/dashboard
Path: /user/dashboard
Method: GET
Original: /Next%20Gen%20Online%20Medicine%20Delivery%20System/api/user/dashboard
Path: /user/dashboard
Method: GET
Original: /Next%20Gen%20Online%20Medicine%20Delivery%20System/api/user/dashboard
Path: /user/dashboard
Method: GET
Original: /Next%20Gen%20Online%20Medicine%20Delivery%20System/api/user/dashboard
Path: /user/dashboard
Method: GET
Original: /Next%20Gen%20Online%20Medicine%20Delivery%20System/api/auth/logout
Path: /auth/logout
Method: POST
Original: /Next%20Gen%20Online%20Medicine%20Delivery%20System/api/auth/login
Path: /auth/login
Method: POST
Original: /Next%20Gen%20Online%20Medicine%20Delivery%20System/api/user/dashboard
Path: /user/dashboard
Method: GET
Original: /Next%20Gen%20Online%20Medicine%20Delivery%20System/api/user/wallet
Path: /user/wallet
Method: GET
Original: /Next%20Gen%20Online%20Medicine%20Delivery%20System/api/medicines/search?q=
Path: /medicines/search
Method: GET
Original: /Next%20Gen%20Online%20Medicine%20Delivery%20System/api/user/wishlist/toggle
Path: /user/wishlist/toggle
Method: POST
Original: /Next%20Gen%20Online%20Medicine%20Delivery%20System/api/medicines/search?q=
Path: /medicines/search
Method: GET
Original: /Next%20Gen%20Online%20Medicine%20Delivery%20System/api/user/wishlist/toggle
Path: /user/wishlist/toggle
Method: POST
Original: /Next%20Gen%20Online%20Medicine%20Delivery%20System/api/medicines/search?q=
Path: /medicines/search
Method: GET
Original: /Next%20Gen%20Online%20Medicine%20Delivery%20System/api/user/wishlist/toggle
Path: /user/wishlist/toggle
Method: POST
Original: /Next%20Gen%20Online%20Medicine%20Delivery%20System/api/user/wishlist/toggle
Path: /user/wishlist/toggle
Method: POST
Original: /Next%20Gen%20Online%20Medicine%20Delivery%20System/api/medicines/search?q=
Path: /medicines/search
Method: GET
Original: /Next%20Gen%20Online%20Medicine%20Delivery%20System/api/medicines/search?q=
Path: /medicines/search
Method: GET
Original: /Next%20Gen%20Online%20Medicine%20Delivery%20System/api/user/wishlist
Path: /user/wishlist
Method: GET
Original: /Next%20Gen%20Online%20Medicine%20Delivery%20System/api/medicines/search?q=
Path: /medicines/search
Method: GET
Original: /Next%20Gen%20Online%20Medicine%20Delivery%20System/api/user/wishlist/toggle
Path: /user/wishlist/toggle
Method: POST
Original: /Next%20Gen%20Online%20Medicine%20Delivery%20System/api/medicines/search?q=
Path: /medicines/search
Method: GET
Original: /Next%20Gen%20Online%20Medicine%20Delivery%20System/api/user/wishlist
Path: /user/wishlist
Method: GET
Original: /Next%20Gen%20Online%20Medicine%20Delivery%20System/api/cart/add
Path: /cart/add
Method: POST
Original: /Next%20Gen%20Online%20Medicine%20Delivery%20System/api/cart
Path: /cart
Method: GET
Original: /Next%20Gen%20Online%20Medicine%20Delivery%20System/api/user/wishlist
Path: /user/wishlist
Method: GET
Original: /Next%20Gen%20Online%20Medicine%20Delivery%20System/api/cart/add
Path: /cart/add
Method: POST
Original: /Next%20Gen%20Online%20Medicine%20Delivery%20System/api/cart
Path: /cart
Method: GET
Original: /Next%20Gen%20Online%20Medicine%20Delivery%20System/api/cart/2
Path: /cart/2
Method: PUT
Original: /Next%20Gen%20Online%20Medicine%20Delivery%20System/api/cart
Path: /cart
Method: GET
Original: /Next%20Gen%20Online%20Medicine%20Delivery%20System/api/medicines/search?q=
Path: /medicines/search
Method: GET
Original: /Next%20Gen%20Online%20Medicine%20Delivery%20System/api/user/recommendations
Path: /user/recommendations
Method: GET
Original: /Next%20Gen%20Online%20Medicine%20Delivery%20System/api/cart
Path: /cart
Method: GET
Original: /Next%20Gen%20Online%20Medicine%20Delivery%20System/api/orders
Path: /orders
Method: GET
Original: /Next%20Gen%20Online%20Medicine%20Delivery%20System/api/orders
Path: /orders
Method: GET
Original: /Next%20Gen%20Online%20Medicine%20Delivery%20System/api/orders
Path: /orders
Method: GET
Original: /Next%20Gen%20Online%20Medicine%20Delivery%20System/api/user/returns
Path: /user/returns
Method: GET
Original: /Next%20Gen%20Online%20Medicine%20Delivery%20System/api/orders
Path: /orders
Method: GET
Original: /Next%20Gen%20Online%20Medicine%20Delivery%20System/api/user/wishlist
Path: /user/wishlist
Method: GET
Original: /Next%20Gen%20Online%20Medicine%20Delivery%20System/api/cart
Path: /cart
Method: GET
Original: /Next%20Gen%20Online%20Medicine%20Delivery%20System/api/user/wallet
Path: /user/wallet
Method: GET
Original: /Next%20Gen%20Online%20Medicine%20Delivery%20System/api/user/addresses
Path: /user/addresses
Method: GET
Original: /Next%20Gen%20Online%20Medicine%20Delivery%20System/api/admin/tickets
Path: /admin/tickets
Method: GET
Original: /Next%20Gen%20Online%20Medicine%20Delivery%20System/api/admin/tickets
Path: /admin/tickets
Method: POST
Original: /Next%20Gen%20Online%20Medicine%20Delivery%20System/api/admin/tickets
Path: /admin/tickets
Method: GET
Original: /Next%20Gen%20Online%20Medicine%20Delivery%20System/api/user/recommendations
Path: /user/recommendations
Method: GET
Original: /Next%20Gen%20Online%20Medicine%20Delivery%20System/api/user/recommendations
Path: /user/recommendations
Method: GET
Original: /Next%20Gen%20Online%20Medicine%20Delivery%20System/api/user/recommendations
Path: /user/recommendations
Method: GET
Original: /Next%20Gen%20Online%20Medicine%20Delivery%20System/api/cart/add
Path: /cart/add
Method: POST
Original: /Next%20Gen%20Online%20Medicine%20Delivery%20System/api/cart/add
Path: /cart/add
Method: POST
Original: /Next%20Gen%20Online%20Medicine%20Delivery%20System/api/cart
Path: /cart
Method: GET
Original: /Next%20Gen%20Online%20Medicine%20Delivery%20System/api/cart/1
Path: /cart/1
Method: DELETE
Original: /Next%20Gen%20Online%20Medicine%20Delivery%20System/api/cart
Path: /cart
Method: GET
Original: /Next%20Gen%20Online%20Medicine%20Delivery%20System/api/cart/4
Path: /cart/4
Method: DELETE
Original: /Next%20Gen%20Online%20Medicine%20Delivery%20System/api/cart
Path: /cart
Method: GET
Original: /Next%20Gen%20Online%20Medicine%20Delivery%20System/api/user/recommendations
Path: /user/recommendations
Method: GET
Original: /Next%20Gen%20Online%20Medicine%20Delivery%20System/api/cart/add
Path: /cart/add
Method: POST
Original: /Next%20Gen%20Online%20Medicine%20Delivery%20System/api/cart/add
Path: /cart/add
Method: POST
Original: /Next%20Gen%20Online%20Medicine%20Delivery%20System/api/cart
Path: /cart
Method: GET
Original: /Next%20Gen%20Online%20Medicine%20Delivery%20System/api/medicines/search?q=
Path: /medicines/search
Method: GET
Original: /Next%20Gen%20Online%20Medicine%20Delivery%20System/api/user/recommendations
Path: /user/recommendations
Method: GET
Original: /Next%20Gen%20Online%20Medicine%20Delivery%20System/api/cart
Path: /cart
Method: GET
Original: /Next%20Gen%20Online%20Medicine%20Delivery%20System/api/user/addresses
Path: /user/addresses
Method: GET
Original: /Next%20Gen%20Online%20Medicine%20Delivery%20System/api/cart
Path: /cart
Method: GET
Original: /Next%20Gen%20Online%20Medicine%20Delivery%20System/api/prescriptions
Path: /prescriptions
Method: GET
Original: /Next%20Gen%20Online%20Medicine%20Delivery%20System/api/user/addresses
Path: /user/addresses
Method: GET
Original: /Next%20Gen%20Online%20Medicine%20Delivery%20System/api/cart
Path: /cart
Method: GET
Original: /Next%20Gen%20Online%20Medicine%20Delivery%20System/api/prescriptions
Path: /prescriptions
Method: GET
Original: /Next%20Gen%20Online%20Medicine%20Delivery%20System/api/medicines/search?q=
Path: /medicines/search
Method: GET
Original: /Next%20Gen%20Online%20Medicine%20Delivery%20System/api/medicines/search?q=
Path: /medicines/search
Method: GET
Original: /Next%20Gen%20Online%20Medicine%20Delivery%20System/api/medicines/search?q=cer
Path: /medicines/search
Method: GET
Original: /Next%20Gen%20Online%20Medicine%20Delivery%20System/api/medicines/search?q=
Path: /medicines/search
Method: GET
Original: /Next%20Gen%20Online%20Medicine%20Delivery%20System/api/user/addresses
Path: /user/addresses
Method: GET
Original: /Next%20Gen%20Online%20Medicine%20Delivery%20System/api/prescriptions
Path: /prescriptions
Method: GET
Original: /Next%20Gen%20Online%20Medicine%20Delivery%20System/api/cart
Path: /cart
Method: GET
Original: /Next%20Gen%20Online%20Medicine%20Delivery%20System/api/medicines/search?q=cer
Path: /medicines/search
Method: GET
Original: /Next%20Gen%20Online%20Medicine%20Delivery%20System/api/medicines/search?q=cert
Path: /medicines/search
Method: GET
Original: /Next%20Gen%20Online%20Medicine%20Delivery%20System/api/medicines/search?q=certi
Path: /medicines/search
Method: GET
Original: /Next%20Gen%20Online%20Medicine%20Delivery%20System/api/medicines/search?q=cert
Path: /medicines/search
Method: GET
Original: /Next%20Gen%20Online%20Medicine%20Delivery%20System/api/medicines/search?q=cer
Path: /medicines/search
Method: GET
Original: /Next%20Gen%20Online%20Medicine%20Delivery%20System/api/auth/login
Path: /auth/login
Method: POST
Original: /Next%20Gen%20Online%20Medicine%20Delivery%20System/api/user/dashboard
Path: /user/dashboard
Method: GET
Original: /Next%20Gen%20Online%20Medicine%20Delivery%20System/api/user/wallet
Path: /user/wallet
Method: GET
Original: /Next%20Gen%20Online%20Medicine%20Delivery%20System/api/user/addresses
Path: /user/addresses
Method: GET
Original: /Next%20Gen%20Online%20Medicine%20Delivery%20System/api/cart
Path: /cart
Method: GET
Original: /Next%20Gen%20Online%20Medicine%20Delivery%20System/api/prescriptions
Path: /prescriptions
Method: GET
Original: /Next%20Gen%20Online%20Medicine%20Delivery%20System/api/auth/login
Path: /auth/login
Method: POST
Original: /Next%20Gen%20Online%20Medicine%20Delivery%20System/api/user/dashboard
Path: /user/dashboard
Method: GET
Original: /Next%20Gen%20Online%20Medicine%20Delivery%20System/api/user/wallet
Path: /user/wallet
Method: GET
Original: /Next%20Gen%20Online%20Medicine%20Delivery%20System/api/user/addresses
Path: /user/addresses
Method: GET
Original: /Next%20Gen%20Online%20Medicine%20Delivery%20System/api/cart
Path: /cart
Method: GET
Original: /Next%20Gen%20Online%20Medicine%20Delivery%20System/api/prescriptions
Path: /prescriptions
Method: GET
Original: /Next%20Gen%20Online%20Medicine%20Delivery%20System/api/user/dashboard
Path: /user/dashboard
Method: GET
Original: /Next%20Gen%20Online%20Medicine%20Delivery%20System/api/user/wallet
Path: /user/wallet
Method: GET
Original: /Next%20Gen%20Online%20Medicine%20Delivery%20System/api/cart
Path: /cart
Method: GET
Original: /Next%20Gen%20Online%20Medicine%20Delivery%20System/api/user/addresses
Path: /user/addresses
Method: GET
Original: /Next%20Gen%20Online%20Medicine%20Delivery%20System/api/cart
Path: /cart
Method: GET
Original: /Next%20Gen%20Online%20Medicine%20Delivery%20System/api/prescriptions
Path: /prescriptions
Method: GET
Original: /Next%20Gen%20Online%20Medicine%20Delivery%20System/api/user/addresses
Path: /user/addresses
Method: GET
Original: /Next%20Gen%20Online%20Medicine%20Delivery%20System/api/cart
Path: /cart
Method: GET
Original: /Next%20Gen%20Online%20Medicine%20Delivery%20System/api/prescriptions
Path: /prescriptions
Method: GET
Original: /Next%20Gen%20Online%20Medicine%20Delivery%20System/api/auth/login
Path: /auth/login
Method: POST
Original: /Next%20Gen%20Online%20Medicine%20Delivery%20System/api/user/dashboard
Path: /user/dashboard
Method: GET
Original: /Next%20Gen%20Online%20Medicine%20Delivery%20System/api/user/wallet
Path: /user/wallet
Method: GET
Original: /Next%20Gen%20Online%20Medicine%20Delivery%20System/api/medicines/search?q=
Path: /medicines/search
Method: GET
Original: /Next%20Gen%20Online%20Medicine%20Delivery%20System/api/user/recommendations
Path: /user/recommendations
Method: GET
Original: /Next%20Gen%20Online%20Medicine%20Delivery%20System/api/cart
Path: /cart
Method: GET
Original: /Next%20Gen%20Online%20Medicine%20Delivery%20System/api/cart
Path: /cart
Method: GET
Original: /Next%20Gen%20Online%20Medicine%20Delivery%20System/api/user/addresses
Path: /user/addresses
Method: GET
Original: /Next%20Gen%20Online%20Medicine%20Delivery%20System/api/prescriptions
Path: /prescriptions
Method: GET
Original: /Next%20Gen%20Online%20Medicine%20Delivery%20System/api/auth/login
Path: /auth/login
Method: POST
Original: /Next%20Gen%20Online%20Medicine%20Delivery%20System/api/user/dashboard
Path: /user/dashboard
Method: GET
Original: /Next%20Gen%20Online%20Medicine%20Delivery%20System/api/user/wallet
Path: /user/wallet
Method: GET
Original: /Next%20Gen%20Online%20Medicine%20Delivery%20System/api/orders
Path: /orders
Method: GET
Original: /Next%20Gen%20Online%20Medicine%20Delivery%20System/api/cart
Path: /cart
Method: GET
Original: /Next%20Gen%20Online%20Medicine%20Delivery%20System/api/cart
Path: /cart
Method: GET
Original: /Next%20Gen%20Online%20Medicine%20Delivery%20System/api/user/addresses
Path: /user/addresses
Method: GET
Original: /Next%20Gen%20Online%20Medicine%20Delivery%20System/api/prescriptions
Path: /prescriptions
Method: GET
Original: /Next%20Gen%20Online%20Medicine%20Delivery%20System/api/auth/login
Path: /auth/login
Method: POST
Original: /Next%20Gen%20Online%20Medicine%20Delivery%20System/api/user/dashboard
Path: /user/dashboard
Method: GET
Original: /Next%20Gen%20Online%20Medicine%20Delivery%20System/api/user/wallet
Path: /user/wallet
Method: GET
Original: /Next%20Gen%20Online%20Medicine%20Delivery%20System/api/cart
Path: /cart
Method: GET
Original: /Next%20Gen%20Online%20Medicine%20Delivery%20System/api/cart
Path: /cart
Method: GET
Original: /Next%20Gen%20Online%20Medicine%20Delivery%20System/api/prescriptions
Path: /prescriptions
Method: GET
Original: /Next%20Gen%20Online%20Medicine%20Delivery%20System/api/user/addresses
Path: /user/addresses
Method: GET
Original: /Next%20Gen%20Online%20Medicine%20Delivery%20System/api/auth/login
Path: /auth/login
Method: POST
Original: /Next%20Gen%20Online%20Medicine%20Delivery%20System/api/user/dashboard
Path: /user/dashboard
Method: GET
Original: /Next%20Gen%20Online%20Medicine%20Delivery%20System/api/user/wallet
Path: /user/wallet
Method: GET
Original: /Next%20Gen%20Online%20Medicine%20Delivery%20System/api/auth/login
Path: /auth/login
Method: POST
Original: /Next%20Gen%20Online%20Medicine%20Delivery%20System/api/auth/login
Path: /auth/login
Method: POST
Original: /Next%20Gen%20Online%20Medicine%20Delivery%20System/api/auth/register
Path: /auth/register
Method: POST
Original: /Next%20Gen%20Online%20Medicine%20Delivery%20System/api/auth/login
Path: /auth/login
Method: POST
Original: /Next%20Gen%20Online%20Medicine%20Delivery%20System/api/user/dashboard
Path: /user/dashboard
Method: GET
Original: /Next%20Gen%20Online%20Medicine%20Delivery%20System/api/user/wallet
Path: /user/wallet
Method: GET
Original: /Next%20Gen%20Online%20Medicine%20Delivery%20System/api/cart
Path: /cart
Method: GET
Original: /Next%20Gen%20Online%20Medicine%20Delivery%20System/api/medicines/search?q=
Path: /medicines/search
Method: GET
Original: /Next%20Gen%20Online%20Medicine%20Delivery%20System/api/cart/add
Path: /cart/add
Method: POST
Original: /Next%20Gen%20Online%20Medicine%20Delivery%20System/api/cart/add
Path: /cart/add
Method: POST
Original: /Next%20Gen%20Online%20Medicine%20Delivery%20System/api/cart
Path: /cart
Method: GET
Original: /Next%20Gen%20Online%20Medicine%20Delivery%20System/api/user/addresses
Path: /user/addresses
Method: GET
Original: /Next%20Gen%20Online%20Medicine%20Delivery%20System/api/cart
Path: /cart
Method: GET
Original: /Next%20Gen%20Online%20Medicine%20Delivery%20System/api/prescriptions
Path: /prescriptions
Method: GET
Original: /Next%20Gen%20Online%20Medicine%20Delivery%20System/api/cart
Path: /cart
Method: GET
Original: /Next%20Gen%20Online%20Medicine%20Delivery%20System/api/cart
Path: /cart
Method: GET
Original: /Next%20Gen%20Online%20Medicine%20Delivery%20System/api/prescriptions
Path: /prescriptions
Method: GET
Original: /Next%20Gen%20Online%20Medicine%20Delivery%20System/api/cart
Path: /cart
Method: GET
Original: /Next%20Gen%20Online%20Medicine%20Delivery%20System/api/user/addresses
Path: /user/addresses
Method: GET
Original: /Next%20Gen%20Online%20Medicine%20Delivery%20System/api/user/addresses
Path: /user/addresses
Method: GET
Original: /Next%20Gen%20Online%20Medicine%20Delivery%20System/api/cart
Path: /cart
Method: GET
Auth Reject: Signature Mismatch.
Original: /Next%20Gen%20Online%20Medicine%20Delivery%20System/api/prescriptions
Path: /prescriptions
Method: GET
Auth Reject: Signature Mismatch.
Original: /Next%20Gen%20Online%20Medicine%20Delivery%20System/api/user/addresses
Path: /user/addresses
Method: GET
Original: /Next%20Gen%20Online%20Medicine%20Delivery%20System/api/prescriptions
Path: /prescriptions
Method: GET
Auth Reject: Signature Mismatch.
Original: /Next%20Gen%20Online%20Medicine%20Delivery%20System/api/cart
Path: /cart
Method: GET
Auth Reject: Signature Mismatch.
Original: /Next%20Gen%20Online%20Medicine%20Delivery%20System/api/cart
Path: /cart
Method: GET
Original: /Next%20Gen%20Online%20Medicine%20Delivery%20System/api/user/addresses
Path: /user/addresses
Method: GET
Auth Reject: Signature Mismatch.
Original: /Next%20Gen%20Online%20Medicine%20Delivery%20System/api/prescriptions
Path: /prescriptions
Method: GET
Auth Reject: Signature Mismatch.
Original: /Next%20Gen%20Online%20Medicine%20Delivery%20System/api/user/addresses
Path: /user/addresses
Method: GET
Original: /Next%20Gen%20Online%20Medicine%20Delivery%20System/api/prescriptions
Path: /prescriptions
Method: GET
Auth Reject: Signature Mismatch.
Original: /Next%20Gen%20Online%20Medicine%20Delivery%20System/api/cart
Path: /cart
Method: GET
Auth Reject: Signature Mismatch.
Original: /Next%20Gen%20Online%20Medicine%20Delivery%20System/api/cart
Path: /cart
Method: GET
Original: /Next%20Gen%20Online%20Medicine%20Delivery%20System/api/user/addresses
Path: /user/addresses
Method: GET
Original: /Next%20Gen%20Online%20Medicine%20Delivery%20System/api/prescriptions
Path: /prescriptions
Method: GET
Original: /Next%20Gen%20Online%20Medicine%20Delivery%20System/api/cart
Path: /cart
Method: GET
Original: /Next%20Gen%20Online%20Medicine%20Delivery%20System/api/user/addresses
Path: /user/addresses
Method: GET
Original: /Next%20Gen%20Online%20Medicine%20Delivery%20System/api/prescriptions
Path: /prescriptions
Method: GET
Original: /Next%20Gen%20Online%20Medicine%20Delivery%20System/api/auth/logout
Path: /auth/logout
Method: POST
Original: /Next%20Gen%20Online%20Medicine%20Delivery%20System/api/auth/login
Path: /auth/login
Method: POST
Original: /Next%20Gen%20Online%20Medicine%20Delivery%20System/api/user/dashboard
Path: /user/dashboard
Method: GET
Original: /Next%20Gen%20Online%20Medicine%20Delivery%20System/api/user/wallet
Path: /user/wallet
Method: GET
Original: /Next%20Gen%20Online%20Medicine%20Delivery%20System/api/cart
Path: /cart
Method: GET
Original: /Next%20Gen%20Online%20Medicine%20Delivery%20System/api/cart
Path: /cart
Method: GET
Original: /Next%20Gen%20Online%20Medicine%20Delivery%20System/api/user/addresses
Path: /user/addresses
Method: GET
Original: /Next%20Gen%20Online%20Medicine%20Delivery%20System/api/prescriptions
Path: /prescriptions
Method: GET
Original: /Next%20Gen%20Online%20Medicine%20Delivery%20System/api/auth/logout
Path: /auth/logout
Method: POST
Original: /Next%20Gen%20Online%20Medicine%20Delivery%20System/api/auth/login
Path: /auth/login
Method: POST
Original: /Next%20Gen%20Online%20Medicine%20Delivery%20System/api/user/dashboard
Path: /user/dashboard
Method: GET
Original: /Next%20Gen%20Online%20Medicine%20Delivery%20System/api/user/wallet
Path: /user/wallet
Method: GET
Original: /Next%20Gen%20Online%20Medicine%20Delivery%20System/api/cart
Path: /cart
Method: GET
Original: /Next%20Gen%20Online%20Medicine%20Delivery%20System/api/cart
Path: /cart
Method: GET
Original: /Next%20Gen%20Online%20Medicine%20Delivery%20System/api/user/addresses
Path: /user/addresses
Method: GET
Original: /Next%20Gen%20Online%20Medicine%20Delivery%20System/api/prescriptions
Path: /prescriptions
Method: GET
Original: /Next%20Gen%20Online%20Medicine%20Delivery%20System/api/cart
Path: /cart
Method: GET
Original: /Next%20Gen%20Online%20Medicine%20Delivery%20System/api/user/addresses
Path: /user/addresses
Method: GET
Original: /Next%20Gen%20Online%20Medicine%20Delivery%20System/api/prescriptions
Path: /prescriptions
Method: GET
Original: /Next%20Gen%20Online%20Medicine%20Delivery%20System/api/user/dashboard
Path: /user/dashboard
Method: GET
Original: /Next%20Gen%20Online%20Medicine%20Delivery%20System/api/user/wallet
Path: /user/wallet
Method: GET
Original: /Next%20Gen%20Online%20Medicine%20Delivery%20System/api/auth/logout
Path: /auth/logout
Method: POST
Original: /Next%20Gen%20Online%20Medicine%20Delivery%20System/api/auth/login
Path: /auth/login
Method: POST
Original: /Next%20Gen%20Online%20Medicine%20Delivery%20System/api/user/dashboard
Path: /user/dashboard
Method: GET
Original: /Next%20Gen%20Online%20Medicine%20Delivery%20System/api/user/wallet
Path: /user/wallet
Method: GET
Original: /Next%20Gen%20Online%20Medicine%20Delivery%20System/api/cart
Path: /cart
Method: GET
Original: /Next%20Gen%20Online%20Medicine%20Delivery%20System/api/cart
Path: /cart
Method: GET
Original: /Next%20Gen%20Online%20Medicine%20Delivery%20System/api/user/addresses
Path: /user/addresses
Method: GET
Original: /Next%20Gen%20Online%20Medicine%20Delivery%20System/api/prescriptions
Path: /prescriptions
Method: GET
Original: /Next%20Gen%20Online%20Medicine%20Delivery%20System/api/cart
Path: /cart
Method: GET
Original: /Next%20Gen%20Online%20Medicine%20Delivery%20System/api/user/addresses
Path: /user/addresses
Method: GET
Original: /Next%20Gen%20Online%20Medicine%20Delivery%20System/api/prescriptions
Path: /prescriptions
Method: GET
Original: /Next%20Gen%20Online%20Medicine%20Delivery%20System/api/user/dashboard
Path: /user/dashboard
Method: GET
Original: /Next%20Gen%20Online%20Medicine%20Delivery%20System/api/user/wallet
Path: /user/wallet
Method: GET
Original: /Next%20Gen%20Online%20Medicine%20Delivery%20System/api/orders/1/tracking
Path: /orders/1/tracking
Method: GET
Original: /Next%20Gen%20Online%20Medicine%20Delivery%20System/api/orders/1/tracking
Path: /orders/1/tracking
Method: GET
Original: /Next%20Gen%20Online%20Medicine%20Delivery%20System/api/orders/1/tracking
Path: /orders/1/tracking
Method: GET
Original: /Next%20Gen%20Online%20Medicine%20Delivery%20System/api/user/dashboard
Path: /user/dashboard
Method: GET
Original: /Next%20Gen%20Online%20Medicine%20Delivery%20System/api/user/wallet
Path: /user/wallet
Method: GET
Original: /Next%20Gen%20Online%20Medicine%20Delivery%20System/api/user/dashboard
Path: /user/dashboard
Method: GET
Original: /Next%20Gen%20Online%20Medicine%20Delivery%20System/api/user/wallet
Path: /user/wallet
Method: GET
Original: /Next%20Gen%20Online%20Medicine%20Delivery%20System/api/user/dashboard
Path: /user/dashboard
Method: GET
Original: /Next%20Gen%20Online%20Medicine%20Delivery%20System/api/user/wallet
Path: /user/wallet
Method: GET
Original: /Next%20Gen%20Online%20Medicine%20Delivery%20System/api/orders/1/tracking
Path: /orders/1/tracking
Method: GET
Original: /Next%20Gen%20Online%20Medicine%20Delivery%20System/api/orders
Path: /orders
Method: GET
Original: /Next%20Gen%20Online%20Medicine%20Delivery%20System/api/cart
Path: /cart
Method: GET
Original: /Next%20Gen%20Online%20Medicine%20Delivery%20System/api/cart
Path: /cart
Method: GET
Original: /Next%20Gen%20Online%20Medicine%20Delivery%20System/api/user/addresses
Path: /user/addresses
Method: GET
Original: /Next%20Gen%20Online%20Medicine%20Delivery%20System/api/prescriptions
Path: /prescriptions
Method: GET
Original: /Next%20Gen%20Online%20Medicine%20Delivery%20System/api/cart
Path: /cart
Method: GET
Original: /Next%20Gen%20Online%20Medicine%20Delivery%20System/api/user/addresses
Path: /user/addresses
Method: GET
Original: /Next%20Gen%20Online%20Medicine%20Delivery%20System/api/prescriptions
Path: /prescriptions
Method: GET
Original: /Next%20Gen%20Online%20Medicine%20Delivery%20System/api/cart
Path: /cart
Method: GET
Original: /Next%20Gen%20Online%20Medicine%20Delivery%20System/api/user/addresses
Path: /user/addresses
Method: GET
Original: /Next%20Gen%20Online%20Medicine%20Delivery%20System/api/prescriptions
Path: /prescriptions
Method: GET
Original: /Next%20Gen%20Online%20Medicine%20Delivery%20System/api/auth/logout
Path: /auth/logout
Method: POST
Original: /Next%20Gen%20Online%20Medicine%20Delivery%20System/api/auth/login
Path: /auth/login
Method: POST
Original: /Next%20Gen%20Online%20Medicine%20Delivery%20System/api/user/dashboard
Path: /user/dashboard
Method: GET
Original: /Next%20Gen%20Online%20Medicine%20Delivery%20System/api/user/wallet
Path: /user/wallet
Method: GET
Original: /Next%20Gen%20Online%20Medicine%20Delivery%20System/api/user/dashboard
Path: /user/dashboard
Method: GET
Original: /Next%20Gen%20Online%20Medicine%20Delivery%20System/api/user/wallet
Path: /user/wallet
Method: GET
Original: /Next%20Gen%20Online%20Medicine%20Delivery%20System/api/user/addresses
Path: /user/addresses
Method: GET
Original: /Next%20Gen%20Online%20Medicine%20Delivery%20System/api/user/wallet
Path: /user/wallet
Method: GET
Original: /Next%20Gen%20Online%20Medicine%20Delivery%20System/api/user/addresses
Path: /user/addresses
Method: POST
Original: /Next%20Gen%20Online%20Medicine%20Delivery%20System/api/user/wallet
Path: /user/wallet
Method: GET
Original: /Next%20Gen%20Online%20Medicine%20Delivery%20System/api/user/addresses
Path: /user/addresses
Method: GET
Original: /Next%20Gen%20Online%20Medicine%20Delivery%20System/api/cart
Path: /cart
Method: GET
Original: /Next%20Gen%20Online%20Medicine%20Delivery%20System/api/cart
Path: /cart
Method: GET
Original: /Next%20Gen%20Online%20Medicine%20Delivery%20System/api/user/addresses
Path: /user/addresses
Method: GET
Original: /Next%20Gen%20Online%20Medicine%20Delivery%20System/api/prescriptions
Path: /prescriptions
Method: GET
Original: /Next%20Gen%20Online%20Medicine%20Delivery%20System/api/cart
Path: /cart
Method: GET
Original: /Next%20Gen%20Online%20Medicine%20Delivery%20System/api/user/addresses
Path: /user/addresses
Method: GET
Original: /Next%20Gen%20Online%20Medicine%20Delivery%20System/api/prescriptions
Path: /prescriptions
Method: GET
Original: /Next%20Gen%20Online%20Medicine%20Delivery%20System/api/cart
Path: /cart
Method: GET
Original: /Next%20Gen%20Online%20Medicine%20Delivery%20System/api/user/addresses
Path: /user/addresses
Method: GET
Original: /Next%20Gen%20Online%20Medicine%20Delivery%20System/api/prescriptions
Path: /prescriptions
Method: GET
Original: /Next%20Gen%20Online%20Medicine%20Delivery%20System/api/auth/login
Path: /auth/login
Method: POST
Original: /Next%20Gen%20Online%20Medicine%20Delivery%20System/api/auth/login
Path: /auth/login
Method: POST
Original: /Next%20Gen%20Online%20Medicine%20Delivery%20System/api/auth/register
Path: /auth/register
Method: POST
Original: /Next%20Gen%20Online%20Medicine%20Delivery%20System/api/auth/login
Path: /auth/login
Method: POST
Original: /Next%20Gen%20Online%20Medicine%20Delivery%20System/api/user/dashboard
Path: /user/dashboard
Method: GET
Original: /Next%20Gen%20Online%20Medicine%20Delivery%20System/api/user/wallet
Path: /user/wallet
Method: GET
Original: /Next%20Gen%20Online%20Medicine%20Delivery%20System/api/cart
Path: /cart
Method: GET
Original: /Next%20Gen%20Online%20Medicine%20Delivery%20System/api/user/addresses
Path: /user/addresses
Method: GET
Original: /Next%20Gen%20Online%20Medicine%20Delivery%20System/api/prescriptions
Path: /prescriptions
Method: GET
Original: /Next%20Gen%20Online%20Medicine%20Delivery%20System/api/cart
Path: /cart
Method: GET
Original: /Next%20Gen%20Online%20Medicine%20Delivery%20System/api/user/addresses
Path: /user/addresses
Method: GET
Original: /Next%20Gen%20Online%20Medicine%20Delivery%20System/api/prescriptions
Path: /prescriptions
Method: GET
Original: /Next%20Gen%20Online%20Medicine%20Delivery%20System/api/user/addresses
Path: /user/addresses
Method: GET
Original: /Next%20Gen%20Online%20Medicine%20Delivery%20System/api/cart
Path: /cart
Method: GET
Original: /Next%20Gen%20Online%20Medicine%20Delivery%20System/api/cart
Path: /cart
Method: GET
Original: /Next%20Gen%20Online%20Medicine%20Delivery%20System/api/user/addresses
Path: /user/addresses
Method: GET
Original: /Next%20Gen%20Online%20Medicine%20Delivery%20System/api/prescriptions
Path: /prescriptions
Method: GET
Original: /Next%20Gen%20Online%20Medicine%20Delivery%20System/api/user/addresses
Path: /user/addresses
Method: GET
Original: /Next%20Gen%20Online%20Medicine%20Delivery%20System/api/cart
Path: /cart
Method: GET
Original: /Next%20Gen%20Online%20Medicine%20Delivery%20System/api/cart
Path: /cart
Method: GET
Original: /Next%20Gen%20Online%20Medicine%20Delivery%20System/api/user/addresses
Path: /user/addresses
Method: GET
Original: /Next%20Gen%20Online%20Medicine%20Delivery%20System/api/prescriptions
Path: /prescriptions
Method: GET
Original: /Next%20Gen%20Online%20Medicine%20Delivery%20System/api/auth/login
Path: /auth/login
Method: POST
Original: /Next%20Gen%20Online%20Medicine%20Delivery%20System/api/user/dashboard
Path: /user/dashboard
Method: GET
Original: /Next%20Gen%20Online%20Medicine%20Delivery%20System/api/user/wallet
Path: /user/wallet
Method: GET
Original: /Next%20Gen%20Online%20Medicine%20Delivery%20System/api/orders
Path: /orders
Method: GET
Original: /Next%20Gen%20Online%20Medicine%20Delivery%20System/api/auth/login
Path: /auth/login
Method: POST
Original: /Next%20Gen%20Online%20Medicine%20Delivery%20System/api/auth/login
Path: /auth/login
Method: POST
Original: /Next%20Gen%20Online%20Medicine%20Delivery%20System/api/auth/login
Path: /auth/login
Method: POST
Original: /Next%20Gen%20Online%20Medicine%20Delivery%20System/api/auth/login
Path: /auth/login
Method: POST
Original: /Next%20Gen%20Online%20Medicine%20Delivery%20System/api/auth/login
Path: /auth/login
Method: POST
Original: /Next%20Gen%20Online%20Medicine%20Delivery%20System/api/auth/login
Path: /auth/login
Method: POST
Original: /Next%20Gen%20Online%20Medicine%20Delivery%20System/api/auth/login
Path: /auth/login
Method: POST
Original: /Next%20Gen%20Online%20Medicine%20Delivery%20System/api/user/dashboard
Path: /user/dashboard
Method: GET
Original: /Next%20Gen%20Online%20Medicine%20Delivery%20System/api/user/wallet
Path: /user/wallet
Method: GET
Original: /Next%20Gen%20Online%20Medicine%20Delivery%20System/api/cart
Path: /cart
Method: GET
Original: /Next%20Gen%20Online%20Medicine%20Delivery%20System/api/cart
Path: /cart
Method: GET
Original: /Next%20Gen%20Online%20Medicine%20Delivery%20System/api/user/addresses
Path: /user/addresses
Method: GET
Original: /Next%20Gen%20Online%20Medicine%20Delivery%20System/api/prescriptions
Path: /prescriptions
Method: GET
Original: /Next%20Gen%20Online%20Medicine%20Delivery%20System/api/user/addresses
Path: /user/addresses
Method: GET
Original: /Next%20Gen%20Online%20Medicine%20Delivery%20System/api/cart
Path: /cart
Method: GET
Original: /Next%20Gen%20Online%20Medicine%20Delivery%20System/api/cart
Path: /cart
Method: GET
Original: /Next%20Gen%20Online%20Medicine%20Delivery%20System/api/user/addresses
Path: /user/addresses
Method: GET
Original: /Next%20Gen%20Online%20Medicine%20Delivery%20System/api/prescriptions
Path: /prescriptions
Method: GET
Original: /Next%20Gen%20Online%20Medicine%20Delivery%20System/api/cart
Path: /cart
Method: GET
Original: /Next%20Gen%20Online%20Medicine%20Delivery%20System/api/user/addresses
Path: /user/addresses
Method: GET
Original: /Next%20Gen%20Online%20Medicine%20Delivery%20System/api/prescriptions
Path: /prescriptions
Method: GET
Original: /Next%20Gen%20Online%20Medicine%20Delivery%20System/api/user/addresses
Path: /user/addresses
Method: GET
Original: /Next%20Gen%20Online%20Medicine%20Delivery%20System/api/user/addresses
Path: /user/addresses
Method: POST
Original: /Next%20Gen%20Online%20Medicine%20Delivery%20System/api/user/addresses
Path: /user/addresses
Method: GET
Original: /Next%20Gen%20Online%20Medicine%20Delivery%20System/api/cart
Path: /cart
Method: GET
Original: /Next%20Gen%20Online%20Medicine%20Delivery%20System/api/cart
Path: /cart
Method: GET
Original: /Next%20Gen%20Online%20Medicine%20Delivery%20System/api/user/addresses
Path: /user/addresses
Method: GET
Original: /Next%20Gen%20Online%20Medicine%20Delivery%20System/api/prescriptions
Path: /prescriptions
Method: GET
Original: /Next%20Gen%20Online%20Medicine%20Delivery%20System/api/user/addresses
Path: /user/addresses
Method: GET
Original: /Next%20Gen%20Online%20Medicine%20Delivery%20System/api/auth/login
Path: /auth/login
Method: POST
Original: /Next%20Gen%20Online%20Medicine%20Delivery%20System/api/auth/login
Path: /auth/login
Method: POST
Original: /Next%20Gen%20Online%20Medicine%20Delivery%20System/api/cart?_t=1776872737824
Path: /cart
Method: GET
Original: /Next%20Gen%20Online%20Medicine%20Delivery%20System/api/cart?_t=1776872790076
Path: /cart
Method: GET
Original: /Next%20Gen%20Online%20Medicine%20Delivery%20System/api/user/dashboard?_t=1776873736590
Path: /user/dashboard
Method: GET
Original: /Next%20Gen%20Online%20Medicine%20Delivery%20System/api/medicines/search?q=&_t=1776873742922
Path: /medicines/search
Method: GET
Original: /Next%20Gen%20Online%20Medicine%20Delivery%20System/api/user/dashboard?_t=1776873749779
Path: /user/dashboard
Method: GET
Original: /Next%20Gen%20Online%20Medicine%20Delivery%20System/api/user/wallet?_t=1776873753241
Path: /user/wallet
Method: GET
Original: /Next%20Gen%20Online%20Medicine%20Delivery%20System/api/medicines/search?q=&_t=1776873756325
Path: /medicines/search
Method: GET
Original: /Next%20Gen%20Online%20Medicine%20Delivery%20System/api/medicines/search?q=asp&_t=1776873762554
Path: /medicines/search
Method: GET
Original: /Next%20Gen%20Online%20Medicine%20Delivery%20System/api/medicines/search?q=&_t=1776873765313
Path: /medicines/search
Method: GET
Original: /Next%20Gen%20Online%20Medicine%20Delivery%20System/api/medicines/search?q=ear&_t=1776873787391
Path: /medicines/search
Method: GET
Original: /Next%20Gen%20Online%20Medicine%20Delivery%20System/api/medicines/search?q=&_t=1776873789518
Path: /medicines/search
Method: GET
Original: /Next%20Gen%20Online%20Medicine%20Delivery%20System/api/medicines/search?q=wax&_t=1776873798732
Path: /medicines/search
Method: GET
Original: /Next%20Gen%20Online%20Medicine%20Delivery%20System/api/user/recommendations?_t=1776873801340
Path: /user/recommendations
Method: GET
Original: /Next%20Gen%20Online%20Medicine%20Delivery%20System/api/prescriptions?_t=1776873807722
Path: /prescriptions
Method: GET
Original: /Next%20Gen%20Online%20Medicine%20Delivery%20System/api/cart?_t=1776873809849
Path: /cart
Method: GET
Original: /Next%20Gen%20Online%20Medicine%20Delivery%20System/api/cart/7
Path: /cart/7
Method: PUT
Original: /Next%20Gen%20Online%20Medicine%20Delivery%20System/api/cart?_t=1776873812818
Path: /cart
Method: GET
Original: /Next%20Gen%20Online%20Medicine%20Delivery%20System/api/cart?_t=1776873815039
Path: /cart
Method: GET
Original: /Next%20Gen%20Online%20Medicine%20Delivery%20System/api/user/addresses?_t=1776873815053
Path: /user/addresses
Method: GET
Original: /Next%20Gen%20Online%20Medicine%20Delivery%20System/api/prescriptions?_t=1776873815073
Path: /prescriptions
Method: GET
Original: /Next%20Gen%20Online%20Medicine%20Delivery%20System/api/user/addresses?_t=1776873819598
Path: /user/addresses
Method: GET
Original: /Next%20Gen%20Online%20Medicine%20Delivery%20System/api/cart?_t=1776873822892
Path: /cart
Method: GET
Original: /Next%20Gen%20Online%20Medicine%20Delivery%20System/api/user/addresses?_t=1776873822917
Path: /user/addresses
Method: GET
Original: /Next%20Gen%20Online%20Medicine%20Delivery%20System/api/prescriptions?_t=1776873822947
Path: /prescriptions
Method: GET
Original: /Next%20Gen%20Online%20Medicine%20Delivery%20System/api/user/addresses?_t=1776873911595
Path: /user/addresses
Method: GET
Original: /Next%20Gen%20Online%20Medicine%20Delivery%20System/api/cart?_t=1776874021312
Path: /cart
Method: GET
Original: /Next%20Gen%20Online%20Medicine%20Delivery%20System/api/cart?_t=1776874204085
Path: /cart
Method: GET
Original: /Next%20Gen%20Online%20Medicine%20Delivery%20System/api/user/addresses?_t=1776874204109
Path: /user/addresses
Method: GET
Original: /Next%20Gen%20Online%20Medicine%20Delivery%20System/api/prescriptions?_t=1776874204129
Path: /prescriptions
Method: GET
Original: /Next%20Gen%20Online%20Medicine%20Delivery%20System/api/user/addresses?_t=1776874213602
Path: /user/addresses
Method: GET
Original: /Next%20Gen%20Online%20Medicine%20Delivery%20System/api/cart?_t=1776874289638
Path: /cart
Method: GET
Original: /Next%20Gen%20Online%20Medicine%20Delivery%20System/api/cart?_t=1776874291640
Path: /cart
Method: GET
Original: /Next%20Gen%20Online%20Medicine%20Delivery%20System/api/user/addresses?_t=1776874291659
Path: /user/addresses
Method: GET
Original: /Next%20Gen%20Online%20Medicine%20Delivery%20System/api/prescriptions?_t=1776874291686
Path: /prescriptions
Method: GET
Original: /Next%20Gen%20Online%20Medicine%20Delivery%20System/api/user/addresses?_t=1776874413683
Path: /user/addresses
Method: GET
Original: /Next%20Gen%20Online%20Medicine%20Delivery%20System/api/orders?_t=1776874471653
Path: /orders
Method: GET
Original: /Next%20Gen%20Online%20Medicine%20Delivery%20System/api/cart?_t=1776874474430
Path: /cart
Method: GET
Original: /Next%20Gen%20Online%20Medicine%20Delivery%20System/api/cart?_t=1776874483733
Path: /cart
Method: GET
Original: /Next%20Gen%20Online%20Medicine%20Delivery%20System/api/user/addresses?_t=1776874483878
Path: /user/addresses
Method: GET
Original: /Next%20Gen%20Online%20Medicine%20Delivery%20System/api/prescriptions?_t=1776874483907
Path: /prescriptions
Method: GET
Original: /Next%20Gen%20Online%20Medicine%20Delivery%20System/api/user/addresses?_t=1776874491233
Path: /user/addresses
Method: GET
Original: /Next%20Gen%20Online%20Medicine%20Delivery%20System/api/orders?_t=1776874540114
Path: /orders
Method: GET
Original: /Next%20Gen%20Online%20Medicine%20Delivery%20System/api/cart?_t=1776874541361
Path: /cart
Method: GET
Original: /Next%20Gen%20Online%20Medicine%20Delivery%20System/api/cart?_t=1776874542925
Path: /cart
Method: GET
Original: /Next%20Gen%20Online%20Medicine%20Delivery%20System/api/user/addresses?_t=1776874542942
Path: /user/addresses
Method: GET
Original: /Next%20Gen%20Online%20Medicine%20Delivery%20System/api/prescriptions?_t=1776874542975
Path: /prescriptions
Method: GET
Original: /Next%20Gen%20Online%20Medicine%20Delivery%20System/api/auth/login
Path: /auth/login
Method: POST
Original: /Next%20Gen%20Online%20Medicine%20Delivery%20System/api/auth/login
Path: /auth/login
Method: POST
Original: /Next%20Gen%20Online%20Medicine%20Delivery%20System/api/user/dashboard?_t=1776874855479
Path: /user/dashboard
Method: GET
Original: /Next%20Gen%20Online%20Medicine%20Delivery%20System/api/user/wallet?_t=1776874856306
Path: /user/wallet
Method: GET
Original: /Next%20Gen%20Online%20Medicine%20Delivery%20System/api/cart?_t=1776874895391
Path: /cart
Method: GET
Original: /Next%20Gen%20Online%20Medicine%20Delivery%20System/api/cart?_t=1776874913499
Path: /cart
Method: GET
Original: /Next%20Gen%20Online%20Medicine%20Delivery%20System/api/user/addresses?_t=1776874913593
Path: /user/addresses
Method: GET
Original: /Next%20Gen%20Online%20Medicine%20Delivery%20System/api/prescriptions?_t=1776874913757
Path: /prescriptions
Method: GET
Original: /Next%20Gen%20Online%20Medicine%20Delivery%20System/api/user/addresses?_t=1776874940460
Path: /user/addresses
Method: GET
Original: /Next%20Gen%20Online%20Medicine%20Delivery%20System/api/cart?_t=1776874950411
Path: /cart
Method: GET
Original: /Next%20Gen%20Online%20Medicine%20Delivery%20System/api/user/addresses?_t=1776874950452
Path: /user/addresses
Method: GET
Original: /Next%20Gen%20Online%20Medicine%20Delivery%20System/api/prescriptions?_t=1776874950933
Path: /prescriptions
Method: GET
Original: /Next%20Gen%20Online%20Medicine%20Delivery%20System/api/user/addresses?_t=1776875002520
Path: /user/addresses
Method: GET
Original: /Next%20Gen%20Online%20Medicine%20Delivery%20System/api/cart?_t=1776875021166
Path: /cart
Method: GET
Original: /Next%20Gen%20Online%20Medicine%20Delivery%20System/api/user/addresses?_t=1776875021425
Path: /user/addresses
Method: GET
Original: /Next%20Gen%20Online%20Medicine%20Delivery%20System/api/prescriptions?_t=1776875021508
Path: /prescriptions
Method: GET
Original: /Next%20Gen%20Online%20Medicine%20Delivery%20System/api/auth/login
Path: /auth/login
Method: POST
Original: /Next%20Gen%20Online%20Medicine%20Delivery%20System/api/auth/login
Path: /auth/login
Method: POST
Original: /Next%20Gen%20Online%20Medicine%20Delivery%20System/api/user/dashboard?_t=1776875885916
Path: /user/dashboard
Method: GET
Original: /Next%20Gen%20Online%20Medicine%20Delivery%20System/api/user/wallet?_t=1776875887880
Path: /user/wallet
Method: GET
Original: /Next%20Gen%20Online%20Medicine%20Delivery%20System/api/medicines/search?q=&_t=1776876285707
Path: /medicines/search
Method: GET
Original: /Next%20Gen%20Online%20Medicine%20Delivery%20System/api/cart?_t=1776876293695
Path: /cart
Method: GET
Original: /Next%20Gen%20Online%20Medicine%20Delivery%20System/api/cart?_t=1776876296817
Path: /cart
Method: GET
Original: /Next%20Gen%20Online%20Medicine%20Delivery%20System/api/user/addresses?_t=1776876296841
Path: /user/addresses
Method: GET
Original: /Next%20Gen%20Online%20Medicine%20Delivery%20System/api/prescriptions?_t=1776876298414
Path: /prescriptions
Method: GET
Original: /Next%20Gen%20Online%20Medicine%20Delivery%20System/api/orders
Path: /orders
Method: POST
Original: /Next%20Gen%20Online%20Medicine%20Delivery%20System/api/orders
Path: /orders
Method: POST
Original: /Next%20Gen%20Online%20Medicine%20Delivery%20System/api/orders
Path: /orders
Method: POST
Original: /Next%20Gen%20Online%20Medicine%20Delivery%20System/api/user/wallet?_t=1776876335685
Path: /user/wallet
Method: GET
Original: /Next%20Gen%20Online%20Medicine%20Delivery%20System/api/user/addresses?_t=1776876335650
Path: /user/addresses
Method: GET
Original: /Next%20Gen%20Online%20Medicine%20Delivery%20System/api/cart?_t=1776876340975
Path: /cart
Method: GET
Original: /Next%20Gen%20Online%20Medicine%20Delivery%20System/api/cart?_t=1776876343596
Path: /cart
Method: GET
Original: /Next%20Gen%20Online%20Medicine%20Delivery%20System/api/user/addresses?_t=1776876343683
Path: /user/addresses
Method: GET
Original: /Next%20Gen%20Online%20Medicine%20Delivery%20System/api/prescriptions?_t=1776876343973
Path: /prescriptions
Method: GET
Original: /Next%20Gen%20Online%20Medicine%20Delivery%20System/api/orders
Path: /orders
Method: POST
Original: /Next%20Gen%20Online%20Medicine%20Delivery%20System/api/orders
Path: /orders
Method: POST
Original: /Next%20Gen%20Online%20Medicine%20Delivery%20System/api/orders
Path: /orders
Method: POST
Original: /Next%20Gen%20Online%20Medicine%20Delivery%20System/api/orders
Path: /orders
Method: POST
Original: /Next%20Gen%20Online%20Medicine%20Delivery%20System/api/orders
Path: /orders
Method: POST
Original: /Next%20Gen%20Online%20Medicine%20Delivery%20System/api/orders
Path: /orders
Method: POST
Original: /Next%20Gen%20Online%20Medicine%20Delivery%20System/api/orders
Path: /orders
Method: POST
Original: /Next%20Gen%20Online%20Medicine%20Delivery%20System/api/orders
Path: /orders
Method: POST
Original: /Next%20Gen%20Online%20Medicine%20Delivery%20System/api/orders
Path: /orders
Method: POST
Original: /Next%20Gen%20Online%20Medicine%20Delivery%20System/api/orders
Path: /orders
Method: POST
Original: /Next%20Gen%20Online%20Medicine%20Delivery%20System/api/cart?_t=1776877428885
Path: /cart
Method: GET
Original: /Next%20Gen%20Online%20Medicine%20Delivery%20System/api/user/addresses?_t=1776877429112
Path: /user/addresses
Method: GET
Original: /Next%20Gen%20Online%20Medicine%20Delivery%20System/api/prescriptions?_t=1776877429418
Path: /prescriptions
Method: GET
Original: /Next%20Gen%20Online%20Medicine%20Delivery%20System/api/orders
Path: /orders
Method: POST
Original: /Next%20Gen%20Online%20Medicine%20Delivery%20System/api/auth/login
Path: /auth/login
Method: POST
Original: /Next%20Gen%20Online%20Medicine%20Delivery%20System/api/auth/login
Path: /auth/login
Method: POST
Original: /Next%20Gen%20Online%20Medicine%20Delivery%20System/api/auth/login
Path: /auth/login
Method: POST
Original: /Next%20Gen%20Online%20Medicine%20Delivery%20System/api/auth/login
Path: /auth/login
Method: POST
Original: /Next%20Gen%20Online%20Medicine%20Delivery%20System/api/user/dashboard?_t=1776878463796
Path: /user/dashboard
Method: GET
Original: /Next%20Gen%20Online%20Medicine%20Delivery%20System/api/user/wallet?_t=1776878465945
Path: /user/wallet
Method: GET
Original: /Next%20Gen%20Online%20Medicine%20Delivery%20System/api/cart?_t=1776878475381
Path: /cart
Method: GET
Original: /Next%20Gen%20Online%20Medicine%20Delivery%20System/api/user/addresses?_t=1776878475615
Path: /user/addresses
Method: GET
Original: /Next%20Gen%20Online%20Medicine%20Delivery%20System/api/prescriptions?_t=1776878475823
Path: /prescriptions
Method: GET
Original: /Next%20Gen%20Online%20Medicine%20Delivery%20System/api/orders
Path: /orders
Method: POST
Original: /Next%20Gen%20Online%20Medicine%20Delivery%20System/api/orders
Path: /orders
Method: POST
Original: /Next%20Gen%20Online%20Medicine%20Delivery%20System/api/medicines/search?q=&_t=1776878620753
Path: /medicines/search
Method: GET
Original: /Next%20Gen%20Online%20Medicine%20Delivery%20System/api/cart/add
Path: /cart/add
Method: POST
Original: /Next%20Gen%20Online%20Medicine%20Delivery%20System/api/cart?_t=1776878663021
Path: /cart
Method: GET
Original: /Next%20Gen%20Online%20Medicine%20Delivery%20System/api/cart?_t=1776878681401
Path: /cart
Method: GET
Original: /Next%20Gen%20Online%20Medicine%20Delivery%20System/api/user/addresses?_t=1776878681889
Path: /user/addresses
Method: GET
Original: /Next%20Gen%20Online%20Medicine%20Delivery%20System/api/prescriptions?_t=1776878683196
Path: /prescriptions
Method: GET
Original: /Next%20Gen%20Online%20Medicine%20Delivery%20System/api/orders
Path: /orders
Method: POST
Original: /Next%20Gen%20Online%20Medicine%20Delivery%20System/api/auth/login
Path: /auth/login
Method: POST
Original: /Next%20Gen%20Online%20Medicine%20Delivery%20System/api/user/dashboard?_t=1776879136444
Path: /user/dashboard
Method: GET
Original: /Next%20Gen%20Online%20Medicine%20Delivery%20System/api/user/wallet?_t=1776879141552
Path: /user/wallet
Method: GET
Original: /Next%20Gen%20Online%20Medicine%20Delivery%20System/api/cart?_t=1776879327229
Path: /cart
Method: GET
Original: /Next%20Gen%20Online%20Medicine%20Delivery%20System/api/cart?_t=1776879331386
Path: /cart
Method: GET
Original: /Next%20Gen%20Online%20Medicine%20Delivery%20System/api/user/addresses?_t=1776879331647
Path: /user/addresses
Method: GET
Original: /Next%20Gen%20Online%20Medicine%20Delivery%20System/api/prescriptions?_t=1776879331941
Path: /prescriptions
Method: GET
Original: /Next%20Gen%20Online%20Medicine%20Delivery%20System/api/orders
Path: /orders
Method: POST
Original: /Next%20Gen%20Online%20Medicine%20Delivery%20System/api/payments/webhook
Path: /payments/webhook
Method: POST
Original: /Next%20Gen%20Online%20Medicine%20Delivery%20System/api/orders/4/invoice?_t=1776879349198
Path: /orders/4/invoice
Method: GET
Original: /Next%20Gen%20Online%20Medicine%20Delivery%20System/api/orders?_t=1776881407997
Path: /orders
Method: GET
Original: /Next%20Gen%20Online%20Medicine%20Delivery%20System/api/user/returns?_t=1776881416484
Path: /user/returns
Method: GET
Original: /Next%20Gen%20Online%20Medicine%20Delivery%20System/api/orders?_t=1776881421715
Path: /orders
Method: GET
Original: /Next%20Gen%20Online%20Medicine%20Delivery%20System/api/user/returns?_t=1776881425695
Path: /user/returns
Method: GET
Original: /Next%20Gen%20Online%20Medicine%20Delivery%20System/api/user/wishlist?_t=1776881429087
Path: /user/wishlist
Method: GET
Original: /Next%20Gen%20Online%20Medicine%20Delivery%20System/api/user/recommendations?_t=1776881435071
Path: /user/recommendations
Method: GET
Original: /Next%20Gen%20Online%20Medicine%20Delivery%20System/api/medicines/search?q=&_t=1776881438970
Path: /medicines/search
Method: GET
Original: /Next%20Gen%20Online%20Medicine%20Delivery%20System/api/user/addresses?_t=1776881442420
Path: /user/addresses
Method: GET
Original: /Next%20Gen%20Online%20Medicine%20Delivery%20System/api/user/wallet?_t=1776881442421
Path: /user/wallet
Method: GET
Original: /Next%20Gen%20Online%20Medicine%20Delivery%20System/api/orders?_t=1776881446426
Path: /orders
Method: GET
Original: /Next%20Gen%20Online%20Medicine%20Delivery%20System/api/user/addresses?_t=1776881450730
Path: /user/addresses
Method: GET
Original: /Next%20Gen%20Online%20Medicine%20Delivery%20System/api/user/wallet?_t=1776881450730
Path: /user/wallet
Method: GET
Original: /Next%20Gen%20Online%20Medicine%20Delivery%20System/api/auth/login
Path: /auth/login
Method: POST
Original: /Next%20Gen%20Online%20Medicine%20Delivery%20System/api/user/dashboard?_t=1776932173490
Path: /user/dashboard
Method: GET
Original: /Next%20Gen%20Online%20Medicine%20Delivery%20System/api/user/wallet?_t=1776932174338
Path: /user/wallet
Method: GET
Original: /Next%20Gen%20Online%20Medicine%20Delivery%20System/api/medicines/search?q=&_t=1776932182103
Path: /medicines/search
Method: GET
Original: /Next%20Gen%20Online%20Medicine%20Delivery%20System/api/user/recommendations?_t=1776932186036
Path: /user/recommendations
Method: GET
Original: /Next%20Gen%20Online%20Medicine%20Delivery%20System/api/prescriptions?_t=1776932190428
Path: /prescriptions
Method: GET
Original: /Next%20Gen%20Online%20Medicine%20Delivery%20System/api/cart?_t=1776932191915
Path: /cart
Method: GET
Original: /Next%20Gen%20Online%20Medicine%20Delivery%20System/api/medicines/search?q=&_t=1776932194101
Path: /medicines/search
Method: GET
Original: /Next%20Gen%20Online%20Medicine%20Delivery%20System/api/cart/add
Path: /cart/add
Method: POST
Original: /Next%20Gen%20Online%20Medicine%20Delivery%20System/api/cart?_t=1776932200339
Path: /cart
Method: GET
Original: /Next%20Gen%20Online%20Medicine%20Delivery%20System/api/cart?_t=1776932204157
Path: /cart
Method: GET
Original: /Next%20Gen%20Online%20Medicine%20Delivery%20System/api/user/addresses?_t=1776932204182
Path: /user/addresses
Method: GET
Original: /Next%20Gen%20Online%20Medicine%20Delivery%20System/api/prescriptions?_t=1776932204230
Path: /prescriptions
Method: GET
Original: /Next%20Gen%20Online%20Medicine%20Delivery%20System/api/orders
Path: /orders
Method: POST
Original: /Next%20Gen%20Online%20Medicine%20Delivery%20System/api/payments/webhook
Path: /payments/webhook
Method: POST
Original: /Next%20Gen%20Online%20Medicine%20Delivery%20System/api/orders/5/invoice?_t=1776932224673
Path: /orders/5/invoice
Method: GET
Original: /Next%20Gen%20Online%20Medicine%20Delivery%20System/api/orders?_t=1776932255914
Path: /orders
Method: GET
Original: /Next%20Gen%20Online%20Medicine%20Delivery%20System/api/user/returns?_t=1776932262431
Path: /user/returns
Method: GET
Original: /Next%20Gen%20Online%20Medicine%20Delivery%20System/api/orders?_t=1776932266150
Path: /orders
Method: GET
Original: /Next%20Gen%20Online%20Medicine%20Delivery%20System/api/user/returns?_t=1776932270649
Path: /user/returns
Method: GET
Original: /Next%20Gen%20Online%20Medicine%20Delivery%20System/api/orders?_t=1776932272425
Path: /orders
Method: GET
Original: /Next%20Gen%20Online%20Medicine%20Delivery%20System/api/user/returns?_t=1776932414154
Path: /user/returns
Method: GET
Original: /Next%20Gen%20Online%20Medicine%20Delivery%20System/api/orders?_t=1776932466369
Path: /orders
Method: GET
Original: /Next%20Gen%20Online%20Medicine%20Delivery%20System/api/auth/login
Path: /auth/login
Method: POST
Original: /Next%20Gen%20Online%20Medicine%20Delivery%20System/api/user/dashboard?_t=1776932503921
Path: /user/dashboard
Method: GET
Original: /Next%20Gen%20Online%20Medicine%20Delivery%20System/api/user/wallet?_t=1776932504037
Path: /user/wallet
Method: GET
Original: /Next%20Gen%20Online%20Medicine%20Delivery%20System/api/orders/5/invoice?_t=1776932510716
Path: /orders/5/invoice
Method: GET
Original: /Next%20Gen%20Online%20Medicine%20Delivery%20System/api/orders?_t=1776932527891
Path: /orders
Method: GET
Original: /Next%20Gen%20Online%20Medicine%20Delivery%20System/api/orders/5/invoice?_t=1776932538543
Path: /orders/5/invoice
Method: GET
Original: /Next%20Gen%20Online%20Medicine%20Delivery%20System/api/orders/4/invoice?_t=1776932555168
Path: /orders/4/invoice
Method: GET
Original: /Next%20Gen%20Online%20Medicine%20Delivery%20System/api/orders/5/invoice?_t=1776932567689
Path: /orders/5/invoice
Method: GET
Original: /Next%20Gen%20Online%20Medicine%20Delivery%20System/api/auth/login
Path: /auth/login
Method: POST
Original: /Next%20Gen%20Online%20Medicine%20Delivery%20System/api/user/dashboard?_t=1776932676563
Path: /user/dashboard
Method: GET
Original: /Next%20Gen%20Online%20Medicine%20Delivery%20System/api/user/wallet?_t=1776932676729
Path: /user/wallet
Method: GET
Original: /Next%20Gen%20Online%20Medicine%20Delivery%20System/api/orders/5/invoice?_t=1776932700915
Path: /orders/5/invoice
Method: GET
Original: /Next%20Gen%20Online%20Medicine%20Delivery%20System/api/orders/5/invoice?_t=1776933060858
Path: /orders/5/invoice
Method: GET
Original: /Next%20Gen%20Online%20Medicine%20Delivery%20System/api/auth/login
Path: /auth/login
Method: POST
Original: /Next%20Gen%20Online%20Medicine%20Delivery%20System/api/auth/login
Path: /auth/login
Method: POST
Original: /Next%20Gen%20Online%20Medicine%20Delivery%20System/api/auth/login
Path: /auth/login
Method: POST
Original: /Next%20Gen%20Online%20Medicine%20Delivery%20System/api/user/dashboard?_t=1776934381229
Path: /user/dashboard
Method: GET
Original: /Next%20Gen%20Online%20Medicine%20Delivery%20System/api/user/wallet?_t=1776934381428
Path: /user/wallet
Method: GET
Original: /Next%20Gen%20Online%20Medicine%20Delivery%20System/api/orders/5/invoice?_t=1776934420472
Path: /orders/5/invoice
Method: GET
Original: /Next%20Gen%20Online%20Medicine%20Delivery%20System/api/auth/login
Path: /auth/login
Method: POST
Original: /Next%20Gen%20Online%20Medicine%20Delivery%20System/api/user/dashboard?_t=1776945083446
Path: /user/dashboard
Method: GET
Original: /Next%20Gen%20Online%20Medicine%20Delivery%20System/api/user/wallet?_t=1776945085872
Path: /user/wallet
Method: GET
Original: /Next%20Gen%20Online%20Medicine%20Delivery%20System/api/orders/5/invoice?_t=1776945087729
Path: /orders/5/invoice
Method: GET
Original: /Next%20Gen%20Online%20Medicine%20Delivery%20System/api/orders/5/invoice?_t=1776945226308
Path: /orders/5/invoice
Method: GET
Original: /Next%20Gen%20Online%20Medicine%20Delivery%20System/api/orders/5/invoice?_t=1776945232496
Path: /orders/5/invoice
Method: GET
Original: /Next%20Gen%20Online%20Medicine%20Delivery%20System/api/orders?_t=1776949058445
Path: /orders
Method: GET
Original: /Next%20Gen%20Online%20Medicine%20Delivery%20System/api/medicines/search?q=&_t=1776949066585
Path: /medicines/search
Method: GET
Original: /Next%20Gen%20Online%20Medicine%20Delivery%20System/api/cart/add
Path: /cart/add
Method: POST
Original: /Next%20Gen%20Online%20Medicine%20Delivery%20System/api/cart/add
Path: /cart/add
Method: POST
Original: /Next%20Gen%20Online%20Medicine%20Delivery%20System/api/orders?_t=1776949081950
Path: /orders
Method: GET
Original: /Next%20Gen%20Online%20Medicine%20Delivery%20System/api/cart?_t=1776949083070
Path: /cart
Method: GET
Original: /Next%20Gen%20Online%20Medicine%20Delivery%20System/api/cart?_t=1776949087650
Path: /cart
Method: GET
Original: /Next%20Gen%20Online%20Medicine%20Delivery%20System/api/user/addresses?_t=1776949087671
Path: /user/addresses
Method: GET
Original: /Next%20Gen%20Online%20Medicine%20Delivery%20System/api/prescriptions?_t=1776949088890
Path: /prescriptions
Method: GET
Original: /Next%20Gen%20Online%20Medicine%20Delivery%20System/api/orders
Path: /orders
Method: POST
Original: /Next%20Gen%20Online%20Medicine%20Delivery%20System/api/payments/webhook
Path: /payments/webhook
Method: POST
Original: /Next%20Gen%20Online%20Medicine%20Delivery%20System/api/orders/6/invoice?_t=1776949108035
Path: /orders/6/invoice
Method: GET
Original: /Next%20Gen%20Online%20Medicine%20Delivery%20System/api/medicines/search?q=&_t=1776949553085
Path: /medicines/search
Method: GET
Original: /Next%20Gen%20Online%20Medicine%20Delivery%20System/api/cart/add
Path: /cart/add
Method: POST
Original: /Next%20Gen%20Online%20Medicine%20Delivery%20System/api/cart?_t=1776949558648
Path: /cart
Method: GET
Original: /Next%20Gen%20Online%20Medicine%20Delivery%20System/api/cart?_t=1776949563134
Path: /cart
Method: GET
Original: /Next%20Gen%20Online%20Medicine%20Delivery%20System/api/user/addresses?_t=1776949563149
Path: /user/addresses
Method: GET
Original: /Next%20Gen%20Online%20Medicine%20Delivery%20System/api/prescriptions?_t=1776949563198
Path: /prescriptions
Method: GET
Original: /Next%20Gen%20Online%20Medicine%20Delivery%20System/api/orders
Path: /orders
Method: POST
Original: /Next%20Gen%20Online%20Medicine%20Delivery%20System/api/payments/webhook
Path: /payments/webhook
Method: POST
Original: /Next%20Gen%20Online%20Medicine%20Delivery%20System/api/orders/7/invoice?_t=1776949581206
Path: /orders/7/invoice
Method: GET
Original: /Next%20Gen%20Online%20Medicine%20Delivery%20System/api/orders/7/invoice?_t=1776951451638
Path: /orders/7/invoice
Method: GET
Original: /Next%20Gen%20Online%20Medicine%20Delivery%20System/api/user/dashboard?_t=1776951460244
Path: /user/dashboard
Method: GET
Original: /Next%20Gen%20Online%20Medicine%20Delivery%20System/api/user/wallet?_t=1776951460270
Path: /user/wallet
Method: GET
Original: /Next%20Gen%20Online%20Medicine%20Delivery%20System/api/orders?_t=1776951464782
Path: /orders
Method: GET
Original: /Next%20Gen%20Online%20Medicine%20Delivery%20System/api/user/returns?_t=1776951466541
Path: /user/returns
Method: GET
Original: /Next%20Gen%20Online%20Medicine%20Delivery%20System/api/orders?_t=1776951468095
Path: /orders
Method: GET
Original: /Next%20Gen%20Online%20Medicine%20Delivery%20System/api/user/returns?_t=1776951469787
Path: /user/returns
Method: GET
Original: /Next%20Gen%20Online%20Medicine%20Delivery%20System/api/orders?_t=1776951470780
Path: /orders
Method: GET
Original: /Next%20Gen%20Online%20Medicine%20Delivery%20System/api/user/returns?_t=1776951472478
Path: /user/returns
Method: GET
Original: /Next%20Gen%20Online%20Medicine%20Delivery%20System/api/orders?_t=1776951474713
Path: /orders
Method: GET
Original: /Next%20Gen%20Online%20Medicine%20Delivery%20System/api/orders?_t=1776951475737
Path: /orders
Method: GET
Original: /Next%20Gen%20Online%20Medicine%20Delivery%20System/api/orders?_t=1776951477376
Path: /orders
Method: GET
Original: /Next%20Gen%20Online%20Medicine%20Delivery%20System/api/orders?_t=1776951478894
Path: /orders
Method: GET
Original: /Next%20Gen%20Online%20Medicine%20Delivery%20System/api/orders?_t=1776951481122
Path: /orders
Method: GET
Original: /Next%20Gen%20Online%20Medicine%20Delivery%20System/api/medicines/search?q=&_t=1776951637233
Path: /medicines/search
Method: GET
Original: /Next%20Gen%20Online%20Medicine%20Delivery%20System/api/cart/add
Path: /cart/add
Method: POST
Original: /Next%20Gen%20Online%20Medicine%20Delivery%20System/api/cart?_t=1776951640440
Path: /cart
Method: GET
Original: /Next%20Gen%20Online%20Medicine%20Delivery%20System/api/cart?_t=1776951645839
Path: /cart
Method: GET
Original: /Next%20Gen%20Online%20Medicine%20Delivery%20System/api/user/addresses?_t=1776951645970
Path: /user/addresses
Method: GET
Original: /Next%20Gen%20Online%20Medicine%20Delivery%20System/api/prescriptions?_t=1776951645997
Path: /prescriptions
Method: GET
Original: /Next%20Gen%20Online%20Medicine%20Delivery%20System/api/orders
Path: /orders
Method: POST
Original: /Next%20Gen%20Online%20Medicine%20Delivery%20System/api/payments/webhook
Path: /payments/webhook
Method: POST
Original: /Next%20Gen%20Online%20Medicine%20Delivery%20System/api/orders/8/invoice?_t=1776951685940
Path: /orders/8/invoice
Method: GET
Original: /Next%20Gen%20Online%20Medicine%20Delivery%20System/api/user/dashboard?_t=1776951713320
Path: /user/dashboard
Method: GET
Original: /Next%20Gen%20Online%20Medicine%20Delivery%20System/api/user/wallet?_t=1776951713335
Path: /user/wallet
Method: GET
Original: /Next%20Gen%20Online%20Medicine%20Delivery%20System/api/medicines/search?q=&_t=1776951714829
Path: /medicines/search
Method: GET
Original: /Next%20Gen%20Online%20Medicine%20Delivery%20System/api/user/dashboard?_t=1776951717385
Path: /user/dashboard
Method: GET
Original: /Next%20Gen%20Online%20Medicine%20Delivery%20System/api/user/wallet?_t=1776951717399
Path: /user/wallet
Method: GET
Original: /Next%20Gen%20Online%20Medicine%20Delivery%20System/api/orders/1/tracking?_t=1776951720063
Path: /orders/1/tracking
Method: GET
Original: /Next%20Gen%20Online%20Medicine%20Delivery%20System/api/orders?_t=1776951722937
Path: /orders
Method: GET
Original: /Next%20Gen%20Online%20Medicine%20Delivery%20System/api/orders?_t=1776951725441
Path: /orders
Method: GET
Original: /Next%20Gen%20Online%20Medicine%20Delivery%20System/api/orders?_t=1776951726878
Path: /orders
Method: GET
Original: /Next%20Gen%20Online%20Medicine%20Delivery%20System/api/orders?_t=1776951727996
Path: /orders
Method: GET
Original: /Next%20Gen%20Online%20Medicine%20Delivery%20System/api/orders?_t=1776951729116
Path: /orders
Method: GET
Original: /Next%20Gen%20Online%20Medicine%20Delivery%20System/api/orders?_t=1776951730981
Path: /orders
Method: GET
Original: /Next%20Gen%20Online%20Medicine%20Delivery%20System/api/user/dashboard?_t=1776951733476
Path: /user/dashboard
Method: GET
Original: /Next%20Gen%20Online%20Medicine%20Delivery%20System/api/user/wallet?_t=1776951733497
Path: /user/wallet
Method: GET
Original: /Next%20Gen%20Online%20Medicine%20Delivery%20System/api/orders/1/tracking?_t=1776951735551
Path: /orders/1/tracking
Method: GET
Original: /Next%20Gen%20Online%20Medicine%20Delivery%20System/api/orders/1/tracking?_t=1776952381081
Path: /orders/1/tracking
Method: GET
Original: /Next%20Gen%20Online%20Medicine%20Delivery%20System/api/orders/1/tracking?_t=1776952391509
Path: /orders/1/tracking
Method: GET
Original: /Next%20Gen%20Online%20Medicine%20Delivery%20System/api/orders/1/tracking?_t=1776952402674
Path: /orders/1/tracking
Method: GET
Original: /Next%20Gen%20Online%20Medicine%20Delivery%20System/api/orders/1/tracking?_t=1776952740489
Path: /orders/1/tracking
Method: GET
Original: /Next%20Gen%20Online%20Medicine%20Delivery%20System/api/orders/1/tracking?_t=1776952753881
Path: /orders/1/tracking
Method: GET
Original: /Next%20Gen%20Online%20Medicine%20Delivery%20System/api/user/recommendations?_t=1776955239095
Path: /user/recommendations
Method: GET
Original: /Next%20Gen%20Online%20Medicine%20Delivery%20System/api/user/dashboard?_t=1776955245082
Path: /user/dashboard
Method: GET
Original: /Next%20Gen%20Online%20Medicine%20Delivery%20System/api/user/wallet?_t=1776955245195
Path: /user/wallet
Method: GET
Original: /Next%20Gen%20Online%20Medicine%20Delivery%20System/api/orders/8/tracking?_t=1776955248382
Path: /orders/8/tracking
Method: GET
Original: /Next%20Gen%20Online%20Medicine%20Delivery%20System/api/orders/8/tracking?_t=1776955492293
Path: /orders/8/tracking
Method: GET
Original: /Next%20Gen%20Online%20Medicine%20Delivery%20System/api/user/dashboard?_t=1776955499802
Path: /user/dashboard
Method: GET
Original: /Next%20Gen%20Online%20Medicine%20Delivery%20System/api/user/wallet?_t=1776955499833
Path: /user/wallet
Method: GET
Original: /Next%20Gen%20Online%20Medicine%20Delivery%20System/api/orders/8/tracking?_t=1776955527750
Path: /orders/8/tracking
Method: GET
Original: /Next%20Gen%20Online%20Medicine%20Delivery%20System/api/orders?_t=1776955537407
Path: /orders
Method: GET
Original: /Next%20Gen%20Online%20Medicine%20Delivery%20System/api/user/returns?_t=1776955539777
Path: /user/returns
Method: GET
Original: /Next%20Gen%20Online%20Medicine%20Delivery%20System/api/orders?_t=1776955541259
Path: /orders
Method: GET
Original: /Next%20Gen%20Online%20Medicine%20Delivery%20System/api/orders?_t=1776955544702
Path: /orders
Method: GET
Original: /Next%20Gen%20Online%20Medicine%20Delivery%20System/api/orders/8/invoice?_t=1776955546008
Path: /orders/8/invoice
Method: GET
Original: /Next%20Gen%20Online%20Medicine%20Delivery%20System/api/orders?_t=1776955548007
Path: /orders
Method: GET
Original: /Next%20Gen%20Online%20Medicine%20Delivery%20System/api/orders/8/invoice?_t=1776955549402
Path: /orders/8/invoice
Method: GET
Original: /Next%20Gen%20Online%20Medicine%20Delivery%20System/api/orders/8/invoice?_t=1776955827630
Path: /orders/8/invoice
Method: GET
Original: /Next%20Gen%20Online%20Medicine%20Delivery%20System/api/user/dashboard?_t=1776955838417
Path: /user/dashboard
Method: GET
Original: /Next%20Gen%20Online%20Medicine%20Delivery%20System/api/user/wallet?_t=1776955838692
Path: /user/wallet
Method: GET
Original: /Next%20Gen%20Online%20Medicine%20Delivery%20System/api/user/dashboard?_t=1776955841806
Path: /user/dashboard
Method: GET
Original: /Next%20Gen%20Online%20Medicine%20Delivery%20System/api/user/wallet?_t=1776955841989
Path: /user/wallet
Method: GET
Original: /Next%20Gen%20Online%20Medicine%20Delivery%20System/api/user/dashboard?_t=1776955844665
Path: /user/dashboard
Method: GET
Original: /Next%20Gen%20Online%20Medicine%20Delivery%20System/api/user/wallet?_t=1776955844769
Path: /user/wallet
Method: GET
Original: /Next%20Gen%20Online%20Medicine%20Delivery%20System/api/user/dashboard?_t=1776955848458
Path: /user/dashboard
Method: GET
Original: /Next%20Gen%20Online%20Medicine%20Delivery%20System/api/user/wallet?_t=1776955848649
Path: /user/wallet
Method: GET
Original: /Next%20Gen%20Online%20Medicine%20Delivery%20System/api/orders?_t=1776955853627
Path: /orders
Method: GET
Original: /Next%20Gen%20Online%20Medicine%20Delivery%20System/api/orders?_t=1776955860287
Path: /orders
Method: GET
Original: /Next%20Gen%20Online%20Medicine%20Delivery%20System/api/orders?_t=1776955861595
Path: /orders
Method: GET
Original: /Next%20Gen%20Online%20Medicine%20Delivery%20System/api/orders?_t=1776955864228
Path: /orders
Method: GET
Original: /Next%20Gen%20Online%20Medicine%20Delivery%20System/api/orders/8/invoice?_t=1776955866845
Path: /orders/8/invoice
Method: GET
Original: /Next%20Gen%20Online%20Medicine%20Delivery%20System/api/user/dashboard?_t=1776955869792
Path: /user/dashboard
Method: GET
Original: /Next%20Gen%20Online%20Medicine%20Delivery%20System/api/user/wallet?_t=1776955869818
Path: /user/wallet
Method: GET
Original: /Next%20Gen%20Online%20Medicine%20Delivery%20System/api/user/dashboard?_t=1776955880750
Path: /user/dashboard
Method: GET
Original: /Next%20Gen%20Online%20Medicine%20Delivery%20System/api/user/wallet?_t=1776955880797
Path: /user/wallet
Method: GET
Original: /Next%20Gen%20Online%20Medicine%20Delivery%20System/api/orders?_t=1776956060101
Path: /orders
Method: GET
Original: /Next%20Gen%20Online%20Medicine%20Delivery%20System/api/orders/8/invoice?_t=1776956063550
Path: /orders/8/invoice
Method: GET
Original: /Next%20Gen%20Online%20Medicine%20Delivery%20System/api/orders/8/invoice?_t=1776956072747
Path: /orders/8/invoice
Method: GET
Original: /Next%20Gen%20Online%20Medicine%20Delivery%20System/api/orders/8/invoice?_t=1776956781450
Path: /orders/8/invoice
Method: GET
Original: /Next%20Gen%20Online%20Medicine%20Delivery%20System/api/orders/8/invoice?_t=1776956801013
Path: /orders/8/invoice
Method: GET
Auth Reject: Token Expired.
Original: /Next%20Gen%20Online%20Medicine%20Delivery%20System/api/auth/login
Path: /auth/login
Method: POST
Original: /Next%20Gen%20Online%20Medicine%20Delivery%20System/api/auth/login
Path: /auth/login
Method: POST
Original: /Next%20Gen%20Online%20Medicine%20Delivery%20System/api/user/dashboard?_t=1776956833045
Path: /user/dashboard
Method: GET
Original: /Next%20Gen%20Online%20Medicine%20Delivery%20System/api/user/wallet?_t=1776956833090
Path: /user/wallet
Method: GET
Original: /Next%20Gen%20Online%20Medicine%20Delivery%20System/api/orders/8/tracking?_t=1776956841675
Path: /orders/8/tracking
Method: GET
Original: /Next%20Gen%20Online%20Medicine%20Delivery%20System/api/prescriptions?_t=1776956846158
Path: /prescriptions
Method: GET
Original: /Next%20Gen%20Online%20Medicine%20Delivery%20System/api/orders?_t=1776956848131
Path: /orders
Method: GET
Original: /Next%20Gen%20Online%20Medicine%20Delivery%20System/api/orders/7/invoice?_t=1776956864614
Path: /orders/7/invoice
Method: GET
Original: /Next%20Gen%20Online%20Medicine%20Delivery%20System/api/medicines/search?q=&_t=1776956885842
Path: /medicines/search
Method: GET
Original: /Next%20Gen%20Online%20Medicine%20Delivery%20System/api/user/dashboard?_t=1776956889034
Path: /user/dashboard
Method: GET
Original: /Next%20Gen%20Online%20Medicine%20Delivery%20System/api/user/wallet?_t=1776956890770
Path: /user/wallet
Method: GET
Original: /Next%20Gen%20Online%20Medicine%20Delivery%20System/api/orders?_t=1776956937938
Path: /orders
Method: GET
Original: /Next%20Gen%20Online%20Medicine%20Delivery%20System/api/user/dashboard?_t=1776957046945
Path: /user/dashboard
Method: GET
Original: /Next%20Gen%20Online%20Medicine%20Delivery%20System/api/user/wallet?_t=1776957048133
Path: /user/wallet
Method: GET
Original: /Next%20Gen%20Online%20Medicine%20Delivery%20System/api/orders?_t=1776957075166
Path: /orders
Method: GET
Original: /Next%20Gen%20Online%20Medicine%20Delivery%20System/api/orders?_t=1776959441932
Path: /orders
Method: GET
Original: /Next%20Gen%20Online%20Medicine%20Delivery%20System/api/orders/8/tracking?_t=1776959454263
Path: /orders/8/tracking
Method: GET
Original: /Next%20Gen%20Online%20Medicine%20Delivery%20System/api/orders?_t=1776959459337
Path: /orders
Method: GET
Original: /Next%20Gen%20Online%20Medicine%20Delivery%20System/api/orders?_t=1776959463741
Path: /orders
Method: GET
Original: /Next%20Gen%20Online%20Medicine%20Delivery%20System/api/orders?_t=1776959465490
Path: /orders
Method: GET
Original: /Next%20Gen%20Online%20Medicine%20Delivery%20System/api/orders?_t=1776959465580
Path: /orders
Method: GET
Original: /Next%20Gen%20Online%20Medicine%20Delivery%20System/api/orders?_t=1776959466790
Path: /orders
Method: GET
Original: /Next%20Gen%20Online%20Medicine%20Delivery%20System/api/user/returns?_t=1776959469111
Path: /user/returns
Method: GET
Original: /Next%20Gen%20Online%20Medicine%20Delivery%20System/api/orders?_t=1776959473275
Path: /orders
Method: GET
Original: /Next%20Gen%20Online%20Medicine%20Delivery%20System/api/user/dashboard?_t=1776959492438
Path: /user/dashboard
Method: GET
Original: /Next%20Gen%20Online%20Medicine%20Delivery%20System/api/user/wallet?_t=1776959493126
Path: /user/wallet
Method: GET
Original: /Next%20Gen%20Online%20Medicine%20Delivery%20System/api/orders?_t=1776959536286
Path: /orders
Method: GET
Original: /Next%20Gen%20Online%20Medicine%20Delivery%20System/api/orders/8/invoice?_t=1776959543664
Path: /orders/8/invoice
Method: GET
Original: /Next%20Gen%20Online%20Medicine%20Delivery%20System/api/prescriptions?_t=1776959627384
Path: /prescriptions
Method: GET
Original: /Next%20Gen%20Online%20Medicine%20Delivery%20System/api/user/dashboard?_t=1776960293442
Path: /user/dashboard
Method: GET
Original: /Next%20Gen%20Online%20Medicine%20Delivery%20System/api/medicines/search?q=&_t=1776960296997
Path: /medicines/search
Method: GET
Original: /Next%20Gen%20Online%20Medicine%20Delivery%20System/api/user/recommendations?_t=1776960316208
Path: /user/recommendations
Method: GET
Original: /Next%20Gen%20Online%20Medicine%20Delivery%20System/api/prescriptions?_t=1776960317501
Path: /prescriptions
Method: GET
Original: /Next%20Gen%20Online%20Medicine%20Delivery%20System/api/ai/analyze-prescription
Path: /ai/analyze-prescription
Method: POST
Original: /Next%20Gen%20Online%20Medicine%20Delivery%20System/api/prescriptions?_t=1776960618011
Path: /prescriptions
Method: GET
Original: /Next%20Gen%20Online%20Medicine%20Delivery%20System/api/ai/analyze-prescription
Path: /ai/analyze-prescription
Method: POST
Original: /Next%20Gen%20Online%20Medicine%20Delivery%20System/api/ai/analyze-prescription
Path: /ai/analyze-prescription
Method: POST
Original: /Next%20Gen%20Online%20Medicine%20Delivery%20System/api/prescriptions/upload
Path: /prescriptions/upload
Method: POST
Original: /Next%20Gen%20Online%20Medicine%20Delivery%20System/api/prescriptions/upload
Path: /prescriptions/upload
Method: POST
Original: /Next%20Gen%20Online%20Medicine%20Delivery%20System/api/prescriptions/upload
Path: /prescriptions/upload
Method: POST
Original: /Next%20Gen%20Online%20Medicine%20Delivery%20System/api/prescriptions/upload
Path: /prescriptions/upload
Method: POST
Original: /Next%20Gen%20Online%20Medicine%20Delivery%20System/api/prescriptions/upload
Path: /prescriptions/upload
Method: POST
Original: /Next%20Gen%20Online%20Medicine%20Delivery%20System/api/prescriptions/upload
Path: /prescriptions/upload
Method: POST
Original: /Next%20Gen%20Online%20Medicine%20Delivery%20System/api/prescriptions/upload
Path: /prescriptions/upload
Method: POST
Original: /Next%20Gen%20Online%20Medicine%20Delivery%20System/api/prescriptions/upload
Path: /prescriptions/upload
Method: POST
Original: /Next%20Gen%20Online%20Medicine%20Delivery%20System/api/cart?_t=1776963321472
Path: /cart
Method: GET
Original: /Next%20Gen%20Online%20Medicine%20Delivery%20System/api/prescriptions/upload
Path: /prescriptions/upload
Method: POST
Original: /Next%20Gen%20Online%20Medicine%20Delivery%20System/api/prescriptions/upload
Path: /prescriptions/upload
Method: POST
Original: /Next%20Gen%20Online%20Medicine%20Delivery%20System/api/prescriptions/upload
Path: /prescriptions/upload
Method: POST
Original: /Next%20Gen%20Online%20Medicine%20Delivery%20System/api/medicines/search?q=&limit=50&_t=1776964563740
Path: /medicines/search
Method: GET
Original: /Next%20Gen%20Online%20Medicine%20Delivery%20System/api/prescriptions/upload
Path: /prescriptions/upload
Method: POST
Original: /Next%20Gen%20Online%20Medicine%20Delivery%20System/api/cart?_t=1776964575485
Path: /cart
Method: GET
Original: /Next%20Gen%20Online%20Medicine%20Delivery%20System/api/medicines/search?q=&_t=1776968906269
Path: /medicines/search
Method: GET
Original: /Next%20Gen%20Online%20Medicine%20Delivery%20System/api/prescriptions?_t=1776968914836
Path: /prescriptions
Method: GET
Original: /Next%20Gen%20Online%20Medicine%20Delivery%20System/api/medicines/search?q=&limit=100&_t=1776968930895
Path: /medicines/search
Method: GET
Original: /Next%20Gen%20Online%20Medicine%20Delivery%20System/api/ai/scan-prescription
Path: /ai/scan-prescription
Method: POST
Original: /Next%20Gen%20Online%20Medicine%20Delivery%20System/api/medicines/search?q=&limit=100&_t=1776968950753
Path: /medicines/search
Method: GET
Original: /Next%20Gen%20Online%20Medicine%20Delivery%20System/api/ai/scan-prescription
Path: /ai/scan-prescription
Method: POST
Original: /Next%20Gen%20Online%20Medicine%20Delivery%20System/api/prescriptions?_t=1776968955533
Path: /prescriptions
Method: GET
Original: /Next%20Gen%20Online%20Medicine%20Delivery%20System/api/medicines/search?q=&limit=100&_t=1777020556731
Path: /medicines/search
Method: GET
Original: /Next%20Gen%20Online%20Medicine%20Delivery%20System/api/ai/compare-vendors
Path: /ai/compare-vendors
Method: POST
Original: /Next%20Gen%20Online%20Medicine%20Delivery%20System/api/ai/compare-vendors
Path: /ai/compare-vendors
Method: POST
Original: /Next%20Gen%20Online%20Medicine%20Delivery%20System/api/ai/compare-vendors
Path: /ai/compare-vendors
Method: POST
Original: /Next%20Gen%20Online%20Medicine%20Delivery%20System/api/ai/compare-vendors
Path: /ai/compare-vendors
Method: POST
Original: /Next%20Gen%20Online%20Medicine%20Delivery%20System/api/ai/compare-vendors
Path: /ai/compare-vendors
Method: POST
Original: /Next%20Gen%20Online%20Medicine%20Delivery%20System/api/ai/compare-vendors
Path: /ai/compare-vendors
Method: POST
Original: /Next%20Gen%20Online%20Medicine%20Delivery%20System/api/ai/compare-vendors
Path: /ai/compare-vendors
Method: POST
Original: /Next%20Gen%20Online%20Medicine%20Delivery%20System/api/ai/compare-vendors
Path: /ai/compare-vendors
Method: POST
Original: /Next%20Gen%20Online%20Medicine%20Delivery%20System/api/ai/compare-vendors
Path: /ai/compare-vendors
Method: POST
Original: /Next%20Gen%20Online%20Medicine%20Delivery%20System/api/ai/compare-vendors
Path: /ai/compare-vendors
Method: POST
Original: /Next%20Gen%20Online%20Medicine%20Delivery%20System/api/ai/compare-vendors
Path: /ai/compare-vendors
Method: POST
Original: /Next%20Gen%20Online%20Medicine%20Delivery%20System/api/ai/compare-vendors
Path: /ai/compare-vendors
Method: POST
Original: /Next%20Gen%20Online%20Medicine%20Delivery%20System/api/ai/compare-vendors
Path: /ai/compare-vendors
Method: POST
Original: /Next%20Gen%20Online%20Medicine%20Delivery%20System/api/ai/compare-vendors
Path: /ai/compare-vendors
Method: POST
Original: /Next%20Gen%20Online%20Medicine%20Delivery%20System/api/ai/compare-vendors
Path: /ai/compare-vendors
Method: POST
Original: /Next%20Gen%20Online%20Medicine%20Delivery%20System/api/ai/compare-vendors
Path: /ai/compare-vendors
Method: POST
Original: /Next%20Gen%20Online%20Medicine%20Delivery%20System/api/ai/compare-vendors
Path: /ai/compare-vendors
Method: POST
Original: /Next%20Gen%20Online%20Medicine%20Delivery%20System/api/ai/compare-vendors
Path: /ai/compare-vendors
Method: POST
Original: /Next%20Gen%20Online%20Medicine%20Delivery%20System/api/ai/scan-prescription
Path: /ai/scan-prescription
Method: POST
Original: /Next%20Gen%20Online%20Medicine%20Delivery%20System/api/medicines/search?q=&limit=100&_t=1777021626659
Path: /medicines/search
Method: GET
Original: /Next%20Gen%20Online%20Medicine%20Delivery%20System/api/ai/compare-vendors
Path: /ai/compare-vendors
Method: POST
Original: /Next%20Gen%20Online%20Medicine%20Delivery%20System/api/ai/compare-vendors
Path: /ai/compare-vendors
Method: POST
Original: /Next%20Gen%20Online%20Medicine%20Delivery%20System/api/ai/scan-prescription
Path: /ai/scan-prescription
Method: POST
Original: /Next%20Gen%20Online%20Medicine%20Delivery%20System/api/medicines/search?q=&limit=100&_t=1777101024493
Path: /medicines/search
Method: GET
Original: /Next%20Gen%20Online%20Medicine%20Delivery%20System/api/medicines/search?q=&limit=100&_t=1777101031541
Path: /medicines/search
Method: GET
Original: /Next%20Gen%20Online%20Medicine%20Delivery%20System/api/medicines/search?q=&limit=100&_t=1777101072171
Path: /medicines/search
Method: GET
Original: /Next%20Gen%20Online%20Medicine%20Delivery%20System/api/ai/scan-prescription
Path: /ai/scan-prescription
Method: POST
Original: /Next%20Gen%20Online%20Medicine%20Delivery%20System/api/medicines/search?q=&limit=100&_t=1777101073671
Path: /medicines/search
Method: GET
Original: /Next%20Gen%20Online%20Medicine%20Delivery%20System/api/medicines/search?q=&limit=100&_t=1777101148555
Path: /medicines/search
Method: GET
Original: /Next%20Gen%20Online%20Medicine%20Delivery%20System/api/ai/scan-prescription
Path: /ai/scan-prescription
Method: POST
Original: /Next%20Gen%20Online%20Medicine%20Delivery%20System/api/medicines/search?q=&limit=100&_t=1777101155456
Path: /medicines/search
Method: GET
Original: /Next%20Gen%20Online%20Medicine%20Delivery%20System/api/medicines/search?q=&limit=100&_t=1777101174077
Path: /medicines/search
Method: GET
Original: /Next%20Gen%20Online%20Medicine%20Delivery%20System/api/ai/scan-prescription
Path: /ai/scan-prescription
Method: POST
Original: /Next%20Gen%20Online%20Medicine%20Delivery%20System/api/medicines/search?q=&limit=100&_t=1777101179374
Path: /medicines/search
Method: GET
Original: /Next%20Gen%20Online%20Medicine%20Delivery%20System/api/ai/compare-vendors
Path: /ai/compare-vendors
Method: POST
Original: /Next%20Gen%20Online%20Medicine%20Delivery%20System/api/ai/compare-vendors
Path: /ai/compare-vendors
Method: POST
Original: /Next%20Gen%20Online%20Medicine%20Delivery%20System/api/ai/compare-vendors
Path: /ai/compare-vendors
Method: POST
Original: /Next%20Gen%20Online%20Medicine%20Delivery%20System/api/ai/compare-vendors
Path: /ai/compare-vendors
Method: POST
Original: /Next%20Gen%20Online%20Medicine%20Delivery%20System/api/ai/compare-vendors
Path: /ai/compare-vendors
Method: POST
Original: /Next%20Gen%20Online%20Medicine%20Delivery%20System/api/ai/compare-vendors
Path: /ai/compare-vendors
Method: POST
Original: /Next%20Gen%20Online%20Medicine%20Delivery%20System/api/ai/compare-vendors
Path: /ai/compare-vendors
Method: POST
Original: /Next%20Gen%20Online%20Medicine%20Delivery%20System/api/ai/compare-vendors
Path: /ai/compare-vendors
Method: POST
Original: /Next%20Gen%20Online%20Medicine%20Delivery%20System/api/medicines/search?q=&limit=100&_t=1777102918644
Path: /medicines/search
Method: GET
Original: /Next%20Gen%20Online%20Medicine%20Delivery%20System/api/ai/scan-prescription
Path: /ai/scan-prescription
Method: POST
Original: /Next%20Gen%20Online%20Medicine%20Delivery%20System/api/ai/compare-vendors
Path: /ai/compare-vendors
Method: POST
Original: /Next%20Gen%20Online%20Medicine%20Delivery%20System/api/ai/compare-vendors
Path: /ai/compare-vendors
Method: POST
Original: /Next%20Gen%20Online%20Medicine%20Delivery%20System/api/ai/compare-vendors
Path: /ai/compare-vendors
Method: POST
Original: /Next%20Gen%20Online%20Medicine%20Delivery%20System/api/ai/compare-vendors
Path: /ai/compare-vendors
Method: POST
Original: /Next%20Gen%20Online%20Medicine%20Delivery%20System/api/ai/compare-vendors
Path: /ai/compare-vendors
Method: POST
Original: /Next%20Gen%20Online%20Medicine%20Delivery%20System/api/ai/compare-vendors
Path: /ai/compare-vendors
Method: POST
Original: /Next%20Gen%20Online%20Medicine%20Delivery%20System/api/ai/compare-vendors
Path: /ai/compare-vendors
Method: POST
Original: /Next%20Gen%20Online%20Medicine%20Delivery%20System/api/medicines/search?q=&limit=100&_t=1777103343133
Path: /medicines/search
Method: GET
Original: /Next%20Gen%20Online%20Medicine%20Delivery%20System/api/ai/compare-vendors
Path: /ai/compare-vendors
Method: POST
Original: /Next%20Gen%20Online%20Medicine%20Delivery%20System/api/ai/compare-vendors
Path: /ai/compare-vendors
Method: POST
Original: /Next%20Gen%20Online%20Medicine%20Delivery%20System/api/ai/compare-vendors
Path: /ai/compare-vendors
Method: POST
Original: /Next%20Gen%20Online%20Medicine%20Delivery%20System/api/medicines/search?q=&limit=100&_t=1777103510385
Path: /medicines/search
Method: GET
Original: /Next%20Gen%20Online%20Medicine%20Delivery%20System/api/ai/scan-prescription
Path: /ai/scan-prescription
Method: POST
Original: /Next%20Gen%20Online%20Medicine%20Delivery%20System/api/ai/compare-vendors
Path: /ai/compare-vendors
Method: POST
Original: /Next%20Gen%20Online%20Medicine%20Delivery%20System/api/ai/compare-vendors
Path: /ai/compare-vendors
Method: POST
Original: /Next%20Gen%20Online%20Medicine%20Delivery%20System/api/ai/scan-prescription
Path: /ai/scan-prescription
Method: POST
Original: /Next%20Gen%20Online%20Medicine%20Delivery%20System/api/medicines/search?q=&limit=100&_t=1777103646901
Path: /medicines/search
Method: GET
Original: /Next%20Gen%20Online%20Medicine%20Delivery%20System/api/ai/compare-vendors
Path: /ai/compare-vendors
Method: POST
Original: /Next%20Gen%20Online%20Medicine%20Delivery%20System/api/ai/compare-vendors
Path: /ai/compare-vendors
Method: POST
Original: /Next%20Gen%20Online%20Medicine%20Delivery%20System/api/ai/compare-vendors
Path: /ai/compare-vendors
Method: POST
Original: /Next%20Gen%20Online%20Medicine%20Delivery%20System/api/ai/compare-vendors
Path: /ai/compare-vendors
Method: POST
Original: /Next%20Gen%20Online%20Medicine%20Delivery%20System/api/ai/compare-vendors
Path: /ai/compare-vendors
Method: POST
Original: /Next%20Gen%20Online%20Medicine%20Delivery%20System/api/ai/compare-vendors
Path: /ai/compare-vendors
Method: POST
Original: /Next%20Gen%20Online%20Medicine%20Delivery%20System/api/ai/compare-vendors
Path: /ai/compare-vendors
Method: POST
Original: /Next%20Gen%20Online%20Medicine%20Delivery%20System/api/ai/compare-vendors
Path: /ai/compare-vendors
Method: POST
Original: /Next%20Gen%20Online%20Medicine%20Delivery%20System/api/ai/compare-vendors
Path: /ai/compare-vendors
Method: POST
Original: /Next%20Gen%20Online%20Medicine%20Delivery%20System/api/ai/compare-vendors
Path: /ai/compare-vendors
Method: POST
Original: /Next%20Gen%20Online%20Medicine%20Delivery%20System/api/ai/compare-vendors
Path: /ai/compare-vendors
Method: POST
Original: /Next%20Gen%20Online%20Medicine%20Delivery%20System/api/ai/compare-vendors
Path: /ai/compare-vendors
Method: POST
Original: /Next%20Gen%20Online%20Medicine%20Delivery%20System/api/ai/compare-vendors
Path: /ai/compare-vendors
Method: POST
Original: /Next%20Gen%20Online%20Medicine%20Delivery%20System/api/ai/compare-vendors
Path: /ai/compare-vendors
Method: POST
Original: /Next%20Gen%20Online%20Medicine%20Delivery%20System/api/ai/compare-vendors
Path: /ai/compare-vendors
Method: POST
Original: /Next%20Gen%20Online%20Medicine%20Delivery%20System/api/ai/compare-vendors
Path: /ai/compare-vendors
Method: POST
Original: /Next%20Gen%20Online%20Medicine%20Delivery%20System/api/ai/compare-vendors
Path: /ai/compare-vendors
Method: POST
Original: /Next%20Gen%20Online%20Medicine%20Delivery%20System/api/ai/compare-vendors
Path: /ai/compare-vendors
Method: POST
Original: /Next%20Gen%20Online%20Medicine%20Delivery%20System/api/ai/compare-vendors
Path: /ai/compare-vendors
Method: POST
Original: /Next%20Gen%20Online%20Medicine%20Delivery%20System/api/ai/compare-vendors
Path: /ai/compare-vendors
Method: POST
Original: /Next%20Gen%20Online%20Medicine%20Delivery%20System/api/ai/compare-vendors
Path: /ai/compare-vendors
Method: POST
Original: /Next%20Gen%20Online%20Medicine%20Delivery%20System/api/ai/compare-vendors
Path: /ai/compare-vendors
Method: POST
Original: /Next%20Gen%20Online%20Medicine%20Delivery%20System/api/ai/compare-vendors
Path: /ai/compare-vendors
Method: POST
Original: /Next%20Gen%20Online%20Medicine%20Delivery%20System/api/ai/compare-vendors
Path: /ai/compare-vendors
Method: POST
Original: /Next%20Gen%20Online%20Medicine%20Delivery%20System/api/medicines/search?q=&limit=100&_t=1777104391884
Path: /medicines/search
Method: GET
Original: /Next%20Gen%20Online%20Medicine%20Delivery%20System/api/ai/scan-prescription
Path: /ai/scan-prescription
Method: POST
Original: /Next%20Gen%20Online%20Medicine%20Delivery%20System/api/ai/compare-vendors
Path: /ai/compare-vendors
Method: POST
Original: /Next%20Gen%20Online%20Medicine%20Delivery%20System/backend/api/medicines/search?q=&_t=1777106445842
Path: /medicines/search
Method: GET
Original: /Next%20Gen%20Online%20Medicine%20Delivery%20System/backend/api/user/dashboard?_t=1777106494354
Path: /user/dashboard
Method: GET
Auth Reject: Token Expired.
Original: /Next%20Gen%20Online%20Medicine%20Delivery%20System/backend/api/auth/login
Path: /auth/login
Method: POST
Original: /Next%20Gen%20Online%20Medicine%20Delivery%20System/backend/api/user/dashboard?_t=1777107004642
Path: /user/dashboard
Method: GET
Original: /Next%20Gen%20Online%20Medicine%20Delivery%20System/backend/api/user/wallet?_t=1777107005997
Path: /user/wallet
Method: GET
Original: /Next%20Gen%20Online%20Medicine%20Delivery%20System/backend/api/prescriptions?_t=1777107357045
Path: /prescriptions
Method: GET
Original: /Next%20Gen%20Online%20Medicine%20Delivery%20System/backend/api/ai/scan-prescription
Path: /ai/scan-prescription
Method: POST
Original: /Next%20Gen%20Online%20Medicine%20Delivery%20System/backend/api/medicines/search?q=&limit=100&_t=1777107573580
Path: /medicines/search
Method: GET
Original: /Next%20Gen%20Online%20Medicine%20Delivery%20System/backend/api/ai/compare-vendors
Path: /ai/compare-vendors
Method: POST
Original: /Next%20Gen%20Online%20Medicine%20Delivery%20System/backend/api/ai/compare-vendors
Path: /ai/compare-vendors
Method: POST
Original: /Next%20Gen%20Online%20Medicine%20Delivery%20System/backend/api/cart?_t=1777107620271
Path: /cart
Method: GET
Original: /Next%20Gen%20Online%20Medicine%20Delivery%20System/backend/api/user/dashboard?_t=1777107817835
Path: /user/dashboard
Method: GET
Auth Reject: Token Expired.
Original: /Next%20Gen%20Online%20Medicine%20Delivery%20System/backend/api/medicines/search?q=&_t=1777107892277
Path: /medicines/search
Method: GET
Original: /Next%20Gen%20Online%20Medicine%20Delivery%20System/backend/api/user/dashboard?_t=1777107908917
Path: /user/dashboard
Method: GET
Original: /Next%20Gen%20Online%20Medicine%20Delivery%20System/backend/api/user/wallet?_t=1777107911659
Path: /user/wallet
Method: GET
Original: /Next%20Gen%20Online%20Medicine%20Delivery%20System/backend/api/medicines/search?q=&_t=1777107938656
Path: /medicines/search
Method: GET
Original: /Next%20Gen%20Online%20Medicine%20Delivery%20System/backend/api/prescriptions?_t=1777108362373
Path: /prescriptions
Method: GET
Original: /Next%20Gen%20Online%20Medicine%20Delivery%20System/backend/api/cart?_t=1777108483027
Path: /cart
Method: GET
Original: /Next%20Gen%20Online%20Medicine%20Delivery%20System/backend/api/auth/logout
Path: /auth/logout
Method: POST
Original: /Next%20Gen%20Online%20Medicine%20Delivery%20System/backend/api/auth/login
Path: /auth/login
Method: POST
Original: /Next%20Gen%20Online%20Medicine%20Delivery%20System/backend/api/user/dashboard?_t=1777108508330
Path: /user/dashboard
Method: GET
Original: /Next%20Gen%20Online%20Medicine%20Delivery%20System/backend/api/user/wallet?_t=1777108508362
Path: /user/wallet
Method: GET
Original: /Next%20Gen%20Online%20Medicine%20Delivery%20System/backend/api/prescriptions?_t=1777108513509
Path: /prescriptions
Method: GET
Original: /Next%20Gen%20Online%20Medicine%20Delivery%20System/backend/api/medicines/search?q=&limit=100&_t=1777108924341
Path: /medicines/search
Method: GET
Original: /Next%20Gen%20Online%20Medicine%20Delivery%20System/backend/api/ai/scan-prescription
Path: /ai/scan-prescription
Method: POST
Original: /Next%20Gen%20Online%20Medicine%20Delivery%20System/backend/api/cart?_t=1777108939558
Path: /cart
Method: GET
Original: /Next%20Gen%20Online%20Medicine%20Delivery%20System/backend/api/auth/login
Path: /auth/login
Method: POST
Original: /Next%20Gen%20Online%20Medicine%20Delivery%20System/backend/api/user/dashboard?_t=1777108986813
Path: /user/dashboard
Method: GET
Original: /Next%20Gen%20Online%20Medicine%20Delivery%20System/backend/api/user/wallet?_t=1777108986858
Path: /user/wallet
Method: GET
Original: /Next%20Gen%20Online%20Medicine%20Delivery%20System/backend/api/medicines/search?q=&_t=1777108989812
Path: /medicines/search
Method: GET
Original: /Next%20Gen%20Online%20Medicine%20Delivery%20System/backend/api/user/recommendations?_t=1777108996247
Path: /user/recommendations
Method: GET
Original: /Next%20Gen%20Online%20Medicine%20Delivery%20System/backend/api/prescriptions?_t=1777108998167
Path: /prescriptions
Method: GET
Original: /Next%20Gen%20Online%20Medicine%20Delivery%20System/backend/api/medicines/search?q=&limit=100&_t=1777109016085
Path: /medicines/search
Method: GET
Original: /Next%20Gen%20Online%20Medicine%20Delivery%20System/backend/api/ai/scan-prescription
Path: /ai/scan-prescription
Method: POST
Original: /Next%20Gen%20Online%20Medicine%20Delivery%20System/backend/api/ai/compare-vendors
Path: /ai/compare-vendors
Method: POST
Original: /Next%20Gen%20Online%20Medicine%20Delivery%20System/backend/api/cart?_t=1777109055947
Path: /cart
Method: GET
Original: /Next%20Gen%20Online%20Medicine%20Delivery%20System/backend/api/orders?_t=1777109520152
Path: /orders
Method: GET
Original: /Next%20Gen%20Online%20Medicine%20Delivery%20System/backend/api/orders?_t=1777109524595
Path: /orders
Method: GET
Original: /Next%20Gen%20Online%20Medicine%20Delivery%20System/backend/api/user/dashboard?_t=1777109527491
Path: /user/dashboard
Method: GET
Original: /Next%20Gen%20Online%20Medicine%20Delivery%20System/backend/api/user/wallet?_t=1777109529643
Path: /user/wallet
Method: GET
Original: /Next%20Gen%20Online%20Medicine%20Delivery%20System/backend/api/prescriptions?_t=1777109533269
Path: /prescriptions
Method: GET
Original: /Next%20Gen%20Online%20Medicine%20Delivery%20System/backend/api/medicines/search?q=&limit=100&_t=1777109553163
Path: /medicines/search
Method: GET
Original: /Next%20Gen%20Online%20Medicine%20Delivery%20System/backend/api/ai/scan-prescription
Path: /ai/scan-prescription
Method: POST
Original: /Next%20Gen%20Online%20Medicine%20Delivery%20System/backend/api/ai/compare-vendors
Path: /ai/compare-vendors
Method: POST
Original: /Next%20Gen%20Online%20Medicine%20Delivery%20System/backend/api/cart/clear
Path: /cart/clear
Method: POST
Original: /Next%20Gen%20Online%20Medicine%20Delivery%20System/backend/api/cart/add
Path: /cart/add
Method: POST
Original: /Next%20Gen%20Online%20Medicine%20Delivery%20System/backend/api/cart/add
Path: /cart/add
Method: POST
Original: /Next%20Gen%20Online%20Medicine%20Delivery%20System/backend/api/cart?_t=1777109576816
Path: /cart
Method: GET
Original: /Next%20Gen%20Online%20Medicine%20Delivery%20System/backend/api/cart?_t=1777109581564
Path: /cart
Method: GET
Original: /Next%20Gen%20Online%20Medicine%20Delivery%20System/backend/api/user/addresses?_t=1777109583217
Path: /user/addresses
Method: GET
Original: /Next%20Gen%20Online%20Medicine%20Delivery%20System/backend/api/prescriptions?_t=1777109583600
Path: /prescriptions
Method: GET
Original: /Next%20Gen%20Online%20Medicine%20Delivery%20System/backend/api/orders
Path: /orders
Method: POST
Original: /Next%20Gen%20Online%20Medicine%20Delivery%20System/backend/api/payments/webhook
Path: /payments/webhook
Method: POST
Original: /Next%20Gen%20Online%20Medicine%20Delivery%20System/backend/api/payments/webhook
Path: /payments/webhook
Method: POST
Original: /Next%20Gen%20Online%20Medicine%20Delivery%20System/backend/api/orders/9/invoice?_t=1777109606461
Path: /orders/9/invoice
Method: GET
Original: /Next%20Gen%20Online%20Medicine%20Delivery%20System/backend/api/auth/logout
Path: /auth/logout
Method: POST
Original: /Next%20Gen%20Online%20Medicine%20Delivery%20System/backend/api/auth/login
Path: /auth/login
Method: POST
Original: /Next%20Gen%20Online%20Medicine%20Delivery%20System/backend/api/auth/login
Path: /auth/login
Method: POST
Original: /Next%20Gen%20Online%20Medicine%20Delivery%20System/backend/api/auth/login
Path: /auth/login
Method: POST
Original: /Next%20Gen%20Online%20Medicine%20Delivery%20System/backend/api/auth/login
Path: /auth/login
Method: POST
Original: /Next%20Gen%20Online%20Medicine%20Delivery%20System/backend/api/vendor/dashboard?_t=1777109720487
Path: /vendor/dashboard
Method: GET
Original: /Next%20Gen%20Online%20Medicine%20Delivery%20System/backend/api/kyc/status/2?_t=1777109722650
Path: /kyc/status/2
Method: GET
Original: /Next%20Gen%20Online%20Medicine%20Delivery%20System/backend/api/vendor/dashboard?_t=1777109743832
Path: /vendor/dashboard
Method: GET
Original: /Next%20Gen%20Online%20Medicine%20Delivery%20System/backend/api/kyc/status/2?_t=1777109745448
Path: /kyc/status/2
Method: GET
Original: /Next%20Gen%20Online%20Medicine%20Delivery%20System/backend/api/vendor/orders?_t=1777109751031
Path: /vendor/orders
Method: GET
Original: /Next%20Gen%20Online%20Medicine%20Delivery%20System/backend/api/pharmacy/inventory?_t=1777109755880
Path: /pharmacy/inventory
Method: GET
Original: /Next%20Gen%20Online%20Medicine%20Delivery%20System/backend/api/pharmacy/inventory?_t=1777109755880
Path: /pharmacy/inventory
Method: GET
Original: /Next%20Gen%20Online%20Medicine%20Delivery%20System/backend/api/vendor/prescriptions/pending?_t=1777109759885
Path: /vendor/prescriptions/pending
Method: GET
Original: /Next%20Gen%20Online%20Medicine%20Delivery%20System/backend/api/vendor/prescriptions/1/review
Path: /vendor/prescriptions/1/review
Method: POST
Original: /Next%20Gen%20Online%20Medicine%20Delivery%20System/backend/api/vendor/dashboard?_t=1777110151542
Path: /vendor/dashboard
Method: GET
Original: /Next%20Gen%20Online%20Medicine%20Delivery%20System/backend/api/auth/login
Path: /auth/login
Method: POST
Original: /Next%20Gen%20Online%20Medicine%20Delivery%20System/backend/api/auth/login
Path: /auth/login
Method: POST
Original: /Next%20Gen%20Online%20Medicine%20Delivery%20System/backend/api/auth/login
Path: /auth/login
Method: POST
Original: /Next%20Gen%20Online%20Medicine%20Delivery%20System/backend/api/auth/logout
Path: /auth/logout
Method: POST
Original: /Next%20Gen%20Online%20Medicine%20Delivery%20System/backend/api/auth/logout
Path: /auth/logout
Method: POST
Original: /Next%20Gen%20Online%20Medicine%20Delivery%20System/backend/api/auth/login
Path: /auth/login
Method: POST
Original: /Next%20Gen%20Online%20Medicine%20Delivery%20System/backend/api/auth/login
Path: /auth/login
Method: POST
Original: /Next%20Gen%20Online%20Medicine%20Delivery%20System/backend/api/auth/login
Path: /auth/login
Method: POST
Original: /Next%20Gen%20Online%20Medicine%20Delivery%20System/backend/api/auth/login
Path: /auth/login
Method: POST
Original: /Next%20Gen%20Online%20Medicine%20Delivery%20System/backend/api/auth/login
Path: /auth/login
Method: POST
Original: /Next%20Gen%20Online%20Medicine%20Delivery%20System/backend/api/vendor/dashboard?_t=1777117641189
Path: /vendor/dashboard
Method: GET
Original: /Next%20Gen%20Online%20Medicine%20Delivery%20System/backend/api/vendor/orders?_t=1777117652665
Path: /vendor/orders
Method: GET
Original: /Next%20Gen%20Online%20Medicine%20Delivery%20System/backend/api/vendor/orders/9/status
Path: /vendor/orders/9/status
Method: PUT
Original: /Next%20Gen%20Online%20Medicine%20Delivery%20System/backend/api/vendor/orders?_t=1777117663205
Path: /vendor/orders
Method: GET
Original: /Next%20Gen%20Online%20Medicine%20Delivery%20System/backend/api/vendor/orders/4/status
Path: /vendor/orders/4/status
Method: PUT
Original: /Next%20Gen%20Online%20Medicine%20Delivery%20System/backend/api/vendor/orders?_t=1777117671580
Path: /vendor/orders
Method: GET
Original: /Next%20Gen%20Online%20Medicine%20Delivery%20System/backend/api/vendor/orders?_t=1777121547013
Path: /vendor/orders
Method: GET
Original: /Next%20Gen%20Online%20Medicine%20Delivery%20System/backend/api/auth/logout
Path: /auth/logout
Method: POST
Original: /Next%20Gen%20Online%20Medicine%20Delivery%20System/backend/api/prescriptions?_t=1777125729782
Path: /prescriptions
Method: GET
Original: /Next%20Gen%20Online%20Medicine%20Delivery%20System/backend/api/auth/login
Path: /auth/login
Method: POST
Original: /Next%20Gen%20Online%20Medicine%20Delivery%20System/backend/api/vendor/dashboard?_t=1777125745844
Path: /vendor/dashboard
Method: GET
Original: /Next%20Gen%20Online%20Medicine%20Delivery%20System/backend/api/prescriptions?_t=1777126095093
Path: /prescriptions
Method: GET
Original: /Next%20Gen%20Online%20Medicine%20Delivery%20System/backend/api/user/dashboard?_t=1777126101582
Path: /user/dashboard
Method: GET
Original: /Next%20Gen%20Online%20Medicine%20Delivery%20System/backend/api/user/wallet?_t=1777126102152
Path: /user/wallet
Method: GET
Original: /Next%20Gen%20Online%20Medicine%20Delivery%20System/backend/api/medicines/search?q=&_t=1777126178725
Path: /medicines/search
Method: GET
Original: /Next%20Gen%20Online%20Medicine%20Delivery%20System/backend/api/auth/login
Path: /auth/login
Method: POST
Original: /Next%20Gen%20Online%20Medicine%20Delivery%20System/backend/api/vendor/dashboard?_t=1777126192132
Path: /vendor/dashboard
Method: GET
Original: /Next%20Gen%20Online%20Medicine%20Delivery%20System/backend/api/pharmacy/inventory?_t=1777126239487
Path: /pharmacy/inventory
Method: GET
Original: /Next%20Gen%20Online%20Medicine%20Delivery%20System/backend/api/pharmacy/inventory/update/1
Path: /pharmacy/inventory/update/1
Method: POST
Original: /Next%20Gen%20Online%20Medicine%20Delivery%20System/backend/api/vendor/dashboard?_t=1777126256847
Path: /vendor/dashboard
Method: GET
Original: /Next%20Gen%20Online%20Medicine%20Delivery%20System/backend/api/vendor/orders?_t=1777126265636
Path: /vendor/orders
Method: GET
Original: /Next%20Gen%20Online%20Medicine%20Delivery%20System/backend/api/pharmacy/inventory?_t=1777126280182
Path: /pharmacy/inventory
Method: GET
Original: /Next%20Gen%20Online%20Medicine%20Delivery%20System/backend/api/pharmacy/inventory?_t=1777126280182
Path: /pharmacy/inventory
Method: GET
Original: /Next%20Gen%20Online%20Medicine%20Delivery%20System/backend/api/vendor/prescriptions/pending?_t=1777126282130
Path: /vendor/prescriptions/pending
Method: GET
Original: /Next%20Gen%20Online%20Medicine%20Delivery%20System/backend/api/vendor/prescriptions/pending?_t=1777126603462
Path: /vendor/prescriptions/pending
Method: GET
Original: /Next%20Gen%20Online%20Medicine%20Delivery%20System/backend/api/auth/logout
Path: /auth/logout
Method: POST
Original: /Next%20Gen%20Online%20Medicine%20Delivery%20System/backend/api/auth/login
Path: /auth/login
Method: POST
Original: /Next%20Gen%20Online%20Medicine%20Delivery%20System/backend/api/auth/login
Path: /auth/login
Method: POST
Original: /Next%20Gen%20Online%20Medicine%20Delivery%20System/backend/api/auth/login
Path: /auth/login
Method: POST
Original: /Next%20Gen%20Online%20Medicine%20Delivery%20System/backend/api/admin/dashboard?_t=1777126642101
Path: /admin/dashboard
Method: GET
Original: /Next%20Gen%20Online%20Medicine%20Delivery%20System/backend/api/prescriptions?_t=1777126656814
Path: /prescriptions
Method: GET
Original: /Next%20Gen%20Online%20Medicine%20Delivery%20System/backend/api/prescriptions?_t=1777126662846
Path: /prescriptions
Method: GET
Original: /Next%20Gen%20Online%20Medicine%20Delivery%20System/backend/api/admin/users?_t=1777126666367
Path: /admin/users
Method: GET
Original: /Next%20Gen%20Online%20Medicine%20Delivery%20System/backend/api/admin/users?_t=1777126674470
Path: /admin/users
Method: GET
Original: /Next%20Gen%20Online%20Medicine%20Delivery%20System/backend/api/admin/kyc/status/1?_t=1777126675029
Path: /admin/kyc/status/1
Method: GET
Original: /Next%20Gen%20Online%20Medicine%20Delivery%20System/backend/api/admin/users?_t=1777126685511
Path: /admin/users
Method: GET
Original: /Next%20Gen%20Online%20Medicine%20Delivery%20System/backend/api/admin/users?_t=1777126690274
Path: /admin/users
Method: GET
Original: /Next%20Gen%20Online%20Medicine%20Delivery%20System/backend/api/admin/kyc/status/2?_t=1777126692127
Path: /admin/kyc/status/2
Method: GET
Original: /Next%20Gen%20Online%20Medicine%20Delivery%20System/backend/api/admin/users?_t=1777126728253
Path: /admin/users
Method: GET
Original: /Next%20Gen%20Online%20Medicine%20Delivery%20System/backend/api/admin/users?_t=1777126738263
Path: /admin/users
Method: GET
Original: /Next%20Gen%20Online%20Medicine%20Delivery%20System/backend/api/admin/kyc/status/5?_t=1777126738905
Path: /admin/kyc/status/5
Method: GET
Original: /Next%20Gen%20Online%20Medicine%20Delivery%20System/backend/api/admin/users?_t=1777126740542
Path: /admin/users
Method: GET
Original: /Next%20Gen%20Online%20Medicine%20Delivery%20System/backend/api/admin/reports/revenue?_t=1777126809807
Path: /admin/reports/revenue
Method: GET
Original: /Next%20Gen%20Online%20Medicine%20Delivery%20System/backend/api/admin/users?_t=1777126855002
Path: /admin/users
Method: GET
Original: /Next%20Gen%20Online%20Medicine%20Delivery%20System/backend/api/admin/users?_t=1777126859007
Path: /admin/users
Method: GET
Original: /Next%20Gen%20Online%20Medicine%20Delivery%20System/backend/api/admin/users?_t=1777126863483
Path: /admin/users
Method: GET
Original: /Next%20Gen%20Online%20Medicine%20Delivery%20System/backend/api/admin/kyc/status/2?_t=1777126863498
Path: /admin/kyc/status/2
Method: GET
Original: /Next%20Gen%20Online%20Medicine%20Delivery%20System/backend/api/prescriptions?_t=1777126912042
Path: /prescriptions
Method: GET
Original: /Next%20Gen%20Online%20Medicine%20Delivery%20System/backend/api/prescriptions?_t=1777126930832
Path: /prescriptions
Method: GET
